TransactionID,UserID,ProductID,Timestamp,Amount
137,250,143,2024-10-13 22:21:31,27.98
397,414,244,2024-09-14 14:25:44,180.84
717,288,217,2024-11-25 16:51:23,345.41
816,122,220,2024-04-18 12:09:01,297.32
1162,641,478,2024-08-15 20:31:53,456.48
1425,369,201,2024-03-28 08:36:04,220.42
1554,746,311,2024-11-25 17:57:46,315.9
1629,46,303,2024-09-24 04:05:48,379.37
1777,497,158,2024-09-09 19:32:50,403.58
1947,920,158,2025-01-19 06:26:50,114.31
74,878,367,2024-07-10 22:00:02,350.01
569,331,47,2024-06-17 14:32:31,137.09
704,555,160,2024-10-07 08:41:41,138.71
1103,441,258,2024-04-09 13:50:23,56.03
1134,797,82,2024-08-08 05:12:19,67.74
1184,279,80,2025-02-07 10:17:40,314.55
1215,29,347,2024-08-31 06:23:51,408.79
1223,182,122,2024-12-04 20:01:25,191.38
1625,369,247,2024-04-16 22:13:56,319.47
1659,560,51,2024-12-14 13:30:13,53.23
107,633,477,2024-09-08 10:25:10,498.83
120,454,296,2024-12-07 21:31:50,365.62
237,124,35,2024-06-02 11:26:40,207.95
363,983,53,2024-06-14 12:10:26,181.19
777,364,193,2024-06-18 10:21:00,473.4
789,750,307,2024-06-25 11:11:37,171.65
1198,353,414,2025-01-13 11:20:20,258.82
1649,527,159,2025-03-13 07:26:33,92.27
1714,429,377,2024-04-04 13:51:54,218.92
7,735,433,2024-10-06 14:54:36,222.72
311,577,293,2024-09-28 17:06:34,38.58
466,363,81,2024-07-11 10:36:52,66.95
590,274,212,2024-12-09 10:47:30,198.02
739,337,451,2024-04-29 02:05:36,224.88
888,721,6,2024-09-28 13:01:44,443.39
989,343,472,2024-04-25 11:19:30,221.69
1057,902,114,2025-02-08 09:29:57,413.26
1121,496,79,2025-01-03 13:58:56,32.39
1361,382,315,2024-08-13 00:04:13,433.56
1666,911,150,2024-12-29 14:08:51,122.42
1840,879,302,2024-10-21 17:05:41,130.97
28,932,283,2024-12-31 06:37:26,315.94
31,995,430,2025-01-22 23:24:48,400.24
202,129,65,2024-06-28 19:22:01,252.15
214,382,115,2024-07-30 10:46:29,276.84
515,765,50,2025-02-18 05:51:49,288.81
530,239,45,2025-01-05 07:05:25,229.45
1178,662,78,2024-03-25 04:40:54,101.9
1574,47,118,2024-11-06 11:06:25,191.52
222,857,416,2025-02-02 07:20:14,151.73
223,94,397,2024-08-16 08:28:34,182.08
806,187,230,2024-10-16 13:39:05,289.99
884,412,98,2025-03-16 03:29:56,131.38
935,438,333,2025-02-14 11:19:48,45.55
1097,290,42,2024-04-24 17:34:06,394.14
1177,719,291,2024-07-13 15:40:37,54.65
1517,787,408,2024-11-21 20:17:55,290.92
1557,290,57,2025-01-15 02:25:52,69.0
1768,989,284,2025-02-18 20:38:51,154.73
327,928,466,2024-10-09 01:58:42,125.43
484,360,35,2025-01-08 21:44:17,183.4
500,74,477,2024-09-08 10:42:23,159.24
678,390,188,2024-09-02 22:03:58,361.21
693,118,266,2024-10-24 16:00:25,233.84
951,531,20,2024-12-28 12:55:52,49.54
967,832,238,2024-08-03 19:49:22,154.09
1001,845,484,2024-07-14 01:01:52,29.73
1150,190,486,2024-04-17 07:38:51,262.5
1234,680,216,2024-08-10 14:30:54,91.59
1259,52,118,2025-03-09 13:28:33,370.2
1332,11,71,2025-01-28 19:47:27,196.68
1348,710,249,2024-11-19 20:40:26,410.11
1611,206,72,2024-04-08 22:47:32,235.89
1646,42,466,2024-11-28 01:52:39,421.71
1992,146,101,2024-04-24 19:34:06,226.87
170,452,262,2024-12-18 05:37:25,168.1
343,946,39,2025-01-09 02:49:24,316.06
1006,302,384,2025-03-17 16:24:09,129.0
1042,270,472,2024-12-19 20:58:31,307.55
1053,482,332,2024-12-01 03:11:51,250.16
1881,282,94,2025-03-22 05:38:54,280.35
372,976,8,2024-08-26 08:03:52,262.38
539,546,358,2024-12-19 19:24:28,379.48
747,695,315,2024-05-20 12:37:31,237.26
899,757,207,2024-05-22 10:31:48,436.84
1019,655,103,2024-09-30 04:00:36,466.76
1049,907,409,2024-08-19 07:59:31,357.55
1164,130,307,2025-03-03 10:37:13,342.26
1262,559,99,2024-11-19 14:37:15,393.23
1286,624,303,2025-02-02 22:32:23,432.45
1683,1,73,2024-05-23 14:04:41,408.3
1836,420,288,2024-05-25 23:27:50,477.79
97,792,159,2024-07-13 22:20:20,286.34
226,194,43,2024-06-08 15:33:37,493.39
260,421,95,2024-11-09 08:02:58,51.88
737,547,401,2024-05-28 03:33:34,391.89
879,976,242,2024-09-27 11:42:38,69.27
1140,789,11,2024-08-28 22:43:41,348.98
1238,334,293,2024-09-03 14:21:58,248.1
1372,857,312,2024-12-26 22:15:07,234.18
1712,185,19,2024-03-31 01:47:10,293.26
1810,386,242,2025-01-26 13:04:00,252.43
181,429,23,2025-01-21 07:55:20,221.83
204,631,396,2024-10-18 15:46:49,469.33
354,329,212,2025-01-05 22:32:30,99.66
379,408,264,2025-02-06 19:48:13,440.75
458,665,423,2025-02-04 11:06:31,404.97
465,180,283,2024-05-13 02:27:46,13.09
476,694,159,2024-12-16 08:25:48,267.23
643,228,243,2024-12-17 19:50:25,283.05
1099,350,118,2024-10-07 16:52:18,50.33
1639,107,254,2025-01-31 11:03:00,321.99
1687,301,321,2025-01-10 03:46:29,220.72
158,916,417,2025-01-07 07:37:40,455.15
274,359,79,2024-06-13 19:53:02,81.9
280,891,386,2024-11-14 07:59:26,329.33
511,123,463,2024-06-10 05:05:20,406.81
825,746,80,2024-12-15 18:25:55,384.32
886,455,350,2024-05-24 05:18:56,78.91
1419,638,101,2024-07-26 02:22:06,275.66
103,304,87,2024-11-02 19:20:37,402.18
142,152,219,2024-09-04 05:50:07,351.53
205,855,159,2024-04-13 16:35:59,279.6
425,42,215,2024-04-29 08:33:14,78.59
435,142,409,2024-12-18 01:45:26,113.74
490,22,4,2025-01-15 00:46:20,498.3
613,696,389,2024-05-12 05:39:04,76.04
711,719,430,2024-03-25 02:44:37,43.28
766,46,171,2024-10-03 09:58:57,353.11
829,755,377,2024-10-06 16:32:54,213.19
1032,484,256,2024-06-05 22:37:48,103.16
1131,870,214,2024-10-25 21:14:11,180.5
1535,793,300,2024-09-10 22:28:57,160.59
1563,543,411,2024-09-29 07:26:22,480.28
1796,737,45,2024-06-18 06:34:46,433.36
190,472,362,2024-11-12 05:05:32,166.31
751,930,107,2024-06-25 06:22:07,19.0
854,873,299,2024-03-27 11:52:24,458.9
909,428,360,2024-12-13 12:36:49,425.75
1111,567,299,2025-01-21 23:27:55,448.66
1432,702,350,2024-06-24 04:27:31,107.81
1450,12,1,2024-08-14 20:29:06,435.71
1676,228,212,2024-12-15 02:03:37,291.59
1782,526,40,2024-04-28 03:20:47,381.08
64,68,486,2024-10-31 04:25:01,445.32
201,673,268,2024-12-05 18:45:24,239.9
487,153,43,2024-11-07 09:29:14,107.05
791,256,108,2024-12-11 08:59:19,118.81
1120,73,140,2024-08-26 23:47:57,287.15
1411,286,338,2025-03-14 05:52:44,283.33
405,232,407,2024-12-01 12:44:17,22.91
541,571,157,2025-03-01 14:36:12,348.35
566,187,315,2024-10-23 12:52:19,95.9
654,48,464,2024-05-21 07:25:46,20.99
683,556,337,2024-09-24 02:52:09,110.8
906,39,385,2024-11-06 01:10:42,221.67
953,552,113,2024-05-16 11:48:24,492.92
1758,930,189,2024-12-28 10:45:02,127.73
1817,525,224,2024-05-26 10:53:06,127.88
1912,863,61,2024-05-30 16:38:08,219.53
376,689,154,2025-02-25 18:17:33,399.3
380,717,130,2024-07-12 02:17:09,44.8
743,220,195,2025-01-29 09:14:41,344.79
928,61,196,2024-04-03 23:23:27,157.18
960,778,26,2024-11-15 07:15:07,65.32
962,56,396,2024-05-14 14:58:38,238.44
1146,43,375,2024-05-18 07:27:32,114.98
1155,661,117,2024-06-24 23:28:33,80.32
1447,609,11,2024-04-22 11:48:11,205.34
1698,707,314,2025-01-09 17:12:10,71.97
1719,154,428,2024-10-11 20:02:07,325.06
166,928,97,2024-04-03 11:48:57,29.93
235,593,183,2024-08-24 04:20:00,110.38
319,2,64,2025-01-20 15:26:00,202.03
644,110,118,2024-11-26 02:19:33,212.24
837,779,131,2024-10-26 06:49:34,397.98
959,673,177,2025-03-01 11:34:16,321.11
979,623,383,2024-04-23 02:41:34,150.82
998,999,23,2025-03-02 19:11:39,312.3
1043,920,328,2024-06-28 10:37:55,384.61
1117,416,386,2025-01-24 21:54:00,60.08
1200,839,325,2024-06-22 09:55:53,77.21
1255,205,188,2024-05-21 09:44:58,40.1
1285,742,439,2024-06-12 13:39:38,260.3
1300,738,427,2024-09-08 01:04:22,136.82
1510,820,133,2024-12-30 09:31:15,57.14
1975,725,172,2024-09-18 07:31:33,332.43
1990,527,479,2025-02-13 21:55:50,120.8
193,502,111,2025-01-21 05:48:26,490.81
322,342,158,2025-02-04 12:09:38,125.59
483,268,498,2024-07-05 22:19:41,440.1
608,659,465,2024-10-27 17:11:27,139.32
1007,576,301,2025-02-03 15:55:15,132.07
1204,706,327,2024-11-23 03:22:10,311.88
1438,732,385,2024-06-28 10:37:58,370.51
1474,750,468,2024-09-17 23:07:44,27.9
1539,882,497,2025-01-21 13:26:49,48.96
284,10,72,2024-11-25 15:04:15,300.62
355,267,302,2025-01-26 14:02:11,296.33
596,527,137,2024-04-05 16:04:28,211.37
1028,862,438,2024-06-19 18:00:28,12.43
1356,825,31,2024-10-23 04:20:52,219.49
1405,902,27,2024-04-21 20:01:36,486.51
1466,507,219,2024-11-16 15:10:49,16.52
1562,35,490,2024-12-13 10:44:33,65.81
1664,728,120,2025-03-03 05:06:34,195.92
78,886,233,2024-10-07 00:11:20,84.19
467,129,77,2024-06-22 12:17:08,95.93
754,154,125,2024-11-14 05:26:03,357.18
765,713,222,2024-04-24 23:06:31,49.3
852,527,466,2024-05-04 21:56:00,391.02
980,164,373,2024-12-28 13:59:23,295.2
1339,62,162,2024-11-19 07:22:48,72.6
1494,458,44,2024-04-06 03:10:20,78.02
1640,938,58,2025-02-26 17:15:04,29.16
1685,979,17,2024-09-10 06:15:15,492.08
1804,275,105,2024-10-10 21:16:24,269.9
1882,313,322,2024-11-08 08:05:53,240.93
1969,422,198,2024-09-27 21:00:26,249.11
1982,21,168,2024-05-19 07:37:42,425.57
234,792,255,2025-03-06 18:35:52,162.58
459,208,170,2025-01-05 03:30:35,229.66
877,852,383,2025-03-08 12:45:56,395.1
1505,628,484,2024-12-03 05:14:41,150.28
1572,581,400,2024-06-19 05:40:08,450.09
1588,284,194,2025-01-07 22:18:20,194.56
1815,330,271,2024-06-18 03:51:16,97.02
1851,893,12,2025-01-21 20:11:50,257.08
1895,976,474,2024-07-24 17:41:27,358.5
147,644,94,2024-11-18 23:34:43,361.48
185,361,275,2025-03-13 04:33:00,213.88
187,649,105,2024-08-15 00:41:40,455.48
365,345,432,2025-01-25 23:24:22,235.01
601,360,3,2025-01-31 20:45:58,425.48
778,610,429,2025-03-17 15:19:27,236.12
845,7,230,2024-08-10 08:27:06,434.78
963,475,275,2024-10-04 05:20:49,209.44
1151,467,457,2025-02-07 10:46:32,18.32
1236,800,174,2024-12-08 10:24:13,173.82
1243,549,214,2025-03-02 17:23:06,139.17
1346,254,32,2024-07-08 09:54:48,473.15
1545,637,247,2024-04-13 12:08:13,215.6
1754,555,237,2024-05-20 04:03:49,89.7
1964,651,218,2024-10-05 00:19:06,325.49
73,956,282,2025-02-08 17:08:47,150.61
414,745,114,2024-04-16 22:02:32,364.13
518,173,300,2024-04-02 20:43:51,343.28
540,250,410,2024-10-16 14:49:47,197.39
549,829,32,2024-11-02 01:23:07,129.5
616,28,14,2024-11-14 07:19:14,327.18
667,87,479,2024-12-26 19:20:58,459.03
676,102,478,2024-03-31 18:07:05,495.53
844,439,18,2025-03-07 23:58:52,386.69
1101,79,279,2024-11-11 12:12:32,46.57
1233,0,485,2024-09-27 19:02:06,101.49
1235,347,147,2024-11-16 16:31:18,457.7
1263,48,251,2024-10-02 07:43:38,239.31
1341,849,33,2024-11-22 23:53:31,217.18
1439,290,313,2024-04-05 12:58:32,139.62
1580,53,376,2024-04-24 04:21:10,438.07
1626,523,340,2024-08-11 23:05:56,378.2
1672,290,255,2024-11-30 09:26:05,293.1
1718,78,298,2024-09-06 11:37:24,178.65
1812,591,267,2024-09-21 12:20:42,487.51
1936,97,31,2024-08-07 19:00:29,494.77
81,189,113,2024-08-08 23:00:18,164.19
136,139,329,2024-12-11 11:16:56,403.19
374,128,151,2024-06-23 10:35:43,228.86
628,373,279,2024-12-26 08:46:04,152.95
720,429,482,2024-10-04 18:26:46,226.84
1059,871,31,2024-10-13 13:12:43,187.29
1156,316,174,2024-12-12 09:59:23,377.17
351,299,70,2024-05-26 00:33:25,148.15
606,295,39,2024-03-24 15:58:24,127.82
839,983,322,2025-01-21 09:37:35,243.44
1671,988,126,2024-04-04 09:30:28,211.9
512,917,339,2024-12-13 01:12:12,42.67
715,985,333,2025-02-04 07:07:20,134.79
809,65,250,2024-05-19 13:53:26,312.2
1314,410,215,2025-03-05 01:13:49,141.06
1667,858,77,2025-01-03 01:36:52,394.46
1775,364,144,2024-07-09 19:35:42,116.83
1799,828,355,2024-11-24 15:45:58,405.4
1825,638,147,2024-07-29 10:42:21,316.68
1997,775,208,2024-11-09 15:53:18,243.97
638,755,281,2024-08-31 01:37:52,105.64
847,346,17,2024-09-17 06:57:29,430.12
1158,615,6,2025-01-10 11:40:25,480.52
1279,780,149,2024-08-07 01:15:29,358.78
1767,852,273,2024-07-10 03:46:51,39.09
41,482,412,2025-03-01 21:00:41,424.39
169,487,251,2025-01-17 06:23:30,379.25
382,402,106,2024-11-06 05:08:55,341.81
641,389,71,2025-01-20 22:45:01,179.53
662,599,153,2024-06-18 07:29:26,67.52
861,990,268,2025-01-09 21:33:52,98.36
878,558,116,2025-01-27 18:19:29,149.66
1352,989,333,2025-03-18 03:26:37,145.01
1552,762,66,2024-10-21 16:53:45,299.42
1808,3,314,2024-06-19 13:18:02,304.43
421,904,17,2024-05-16 17:32:02,295.47
586,648,26,2024-08-19 12:30:06,201.38
780,993,499,2025-02-11 21:43:23,344.36
802,185,291,2024-05-13 14:28:03,128.68
898,562,221,2024-09-11 22:05:39,338.85
1084,371,178,2025-01-23 16:02:13,482.71
1113,994,0,2024-04-11 23:38:24,63.18
1293,884,148,2024-12-25 04:04:11,214.28
1316,605,265,2024-04-19 05:10:29,470.57
1515,100,390,2024-05-17 22:39:03,210.46
1599,127,181,2025-02-26 01:48:49,234.12
1612,298,57,2024-12-03 18:56:59,314.91
1730,97,407,2025-02-21 16:55:04,222.27
1731,443,424,2025-01-03 09:41:39,277.4
1924,138,99,2024-07-29 04:39:27,194.55
538,305,430,2024-12-14 02:26:25,495.23
716,550,364,2024-12-15 07:30:36,358.68
718,770,180,2025-03-16 16:13:58,410.49
813,158,16,2024-09-15 13:38:43,455.91
820,405,467,2024-05-15 18:04:29,178.48
1026,266,458,2024-04-04 11:42:47,493.8
1079,742,359,2025-03-11 07:58:55,193.8
1127,69,110,2024-10-29 10:03:35,148.4
1371,149,440,2024-05-13 16:36:05,45.04
1375,317,116,2024-12-02 09:26:26,270.15
1647,322,12,2024-08-30 10:52:22,140.96
1762,786,90,2024-11-05 07:00:14,53.73
1805,266,38,2024-10-09 00:27:51,35.75
1864,292,191,2025-01-13 01:14:10,124.25
560,480,220,2024-05-16 21:05:45,373.95
620,217,415,2024-05-19 19:23:26,202.76
664,413,166,2024-12-28 06:31:05,38.95
731,784,463,2024-05-09 00:21:10,48.93
742,321,147,2024-06-06 15:54:03,203.64
1003,40,302,2025-03-06 06:20:04,307.84
1228,916,458,2024-05-16 18:48:23,77.79
1743,533,392,2025-01-29 15:30:59,318.98
1868,382,304,2024-10-24 01:51:49,232.97
344,371,496,2024-07-08 18:04:11,325.58
694,227,337,2024-07-23 02:47:47,32.58
1025,493,485,2024-07-04 09:57:13,434.31
1141,129,125,2024-04-07 14:11:47,382.06
1182,483,240,2024-07-12 09:34:27,167.73
1304,659,219,2024-06-09 08:37:41,248.75
1330,666,330,2024-05-13 05:16:07,146.79
1622,851,47,2024-07-22 14:50:59,450.6
1677,89,382,2024-10-04 21:56:56,122.92
1684,292,140,2024-11-19 17:28:14,323.16
1961,943,25,2024-12-11 16:19:10,386.08
690,554,159,2024-08-07 11:07:47,376.7
851,675,335,2024-12-25 07:53:05,283.65
1247,290,245,2024-05-06 10:44:01,197.24
1403,711,485,2024-04-24 18:18:30,139.27
1592,352,301,2024-10-30 02:43:43,76.94
1717,475,496,2024-11-24 23:06:12,215.72
1943,73,308,2024-04-24 08:50:30,48.22
21,818,125,2024-07-06 15:46:20,464.65
45,892,357,2024-08-07 17:54:36,76.28
58,210,189,2024-11-12 07:02:57,417.46
339,515,71,2024-08-22 12:31:28,469.17
407,171,214,2024-09-29 17:49:37,261.17
429,658,138,2024-12-20 02:19:51,135.45
543,983,288,2025-01-13 16:53:54,391.32
575,725,298,2025-03-16 06:55:49,345.35
954,912,257,2025-03-19 12:00:55,105.8
1536,733,270,2024-04-26 05:55:07,261.2
1759,966,249,2024-09-05 02:20:43,57.77
1904,500,100,2024-10-07 03:58:03,303.58
109,995,36,2024-08-28 10:17:35,142.5
309,101,495,2024-07-25 21:42:20,415.49
713,605,101,2024-10-25 06:14:44,325.83
846,571,396,2024-04-22 00:43:05,91.36
895,249,222,2024-10-24 15:26:20,144.84
943,525,463,2025-03-17 21:53:10,30.71
1017,705,397,2024-08-26 22:44:21,280.73
1030,411,95,2024-04-18 18:54:47,312.96
1398,518,193,2024-11-25 18:23:15,54.98
1941,322,101,2025-02-04 23:34:42,367.93
416,835,395,2024-07-09 12:20:24,349.67
469,397,127,2024-12-01 13:23:18,192.2
485,931,195,2024-10-27 05:32:03,273.72
1069,482,441,2025-03-24 17:59:05,26.0
1163,531,1,2024-05-20 17:55:06,217.21
1506,666,107,2025-01-24 23:17:45,489.87
1526,17,368,2024-04-04 08:59:43,59.61
1596,76,478,2024-10-21 22:13:31,141.76
1648,874,438,2024-12-27 02:54:38,443.69
1705,225,13,2024-08-24 00:04:17,227.53
179,991,75,2024-10-12 11:42:26,335.29
321,773,196,2024-06-23 23:24:54,249.43
682,472,120,2024-11-12 13:04:20,350.62
781,611,207,2025-03-24 07:22:36,281.56
944,936,339,2024-08-04 20:36:56,404.67
1491,357,386,2024-04-15 02:07:25,187.87
1570,292,376,2024-08-16 18:54:07,390.99
48,79,288,2024-09-18 19:05:27,440.2
131,124,327,2024-12-15 02:50:27,127.12
144,1,264,2024-04-05 18:29:08,30.12
236,887,45,2024-11-20 12:39:40,214.84
439,752,455,2024-09-06 09:42:01,374.67
826,520,487,2024-11-09 02:54:50,442.91
1319,789,284,2025-01-06 06:40:41,350.04
1576,919,271,2025-03-04 23:14:31,219.02
1875,675,486,2024-07-18 19:07:59,253.4
1942,42,190,2024-07-31 04:51:17,401.9
173,86,265,2024-06-07 22:25:36,226.82
622,277,142,2024-04-13 21:34:11,102.89
984,853,188,2024-04-23 01:42:24,230.64
1160,361,413,2024-08-12 07:01:26,406.6
1593,127,188,2025-02-17 05:39:00,162.58
1855,703,26,2024-07-30 23:46:27,422.59
1937,849,417,2024-05-10 12:24:29,73.14
49,863,238,2025-03-23 23:13:08,130.65
89,261,466,2025-03-18 13:43:01,310.61
138,622,394,2024-04-27 18:18:48,130.79
156,876,251,2024-07-31 03:00:10,270.78
172,906,260,2024-04-18 14:22:01,345.33
220,251,280,2024-10-11 20:20:26,391.89
288,108,470,2024-04-09 17:08:06,471.79
356,489,188,2025-02-16 09:15:08,148.17
722,417,207,2024-06-11 12:41:46,454.92
848,810,288,2024-10-15 21:15:43,476.17
940,801,218,2024-05-18 10:58:57,359.96
1192,611,215,2024-05-20 03:24:06,62.81
251,873,392,2024-09-27 09:23:14,373.24
314,313,232,2024-04-17 04:20:37,139.35
594,349,293,2024-10-22 16:49:00,217.66
976,690,69,2024-12-30 20:22:53,12.81
1083,963,168,2024-10-28 09:08:22,28.38
1144,55,473,2024-12-23 17:59:30,264.8
1340,544,60,2024-11-08 21:29:28,122.38
1478,527,140,2025-02-27 10:22:40,149.52
1495,160,170,2025-01-29 20:31:38,463.83
1770,687,315,2024-07-16 13:01:59,264.51
1788,91,450,2025-01-27 22:16:03,280.93
438,248,281,2024-07-02 03:49:19,77.16
698,765,41,2024-09-03 10:09:08,336.03
1217,157,316,2025-01-25 19:13:55,149.19
1327,984,436,2024-05-02 22:14:05,30.47
1389,166,293,2024-07-07 02:58:16,359.29
1433,467,31,2024-11-22 03:00:05,180.72
1476,896,77,2024-12-02 11:17:02,352.42
1901,444,148,2025-01-26 07:44:41,158.81
77,545,377,2024-04-29 09:35:08,180.08
532,397,63,2024-10-21 18:59:55,267.46
660,743,83,2024-06-03 00:27:23,85.63
759,371,456,2024-12-20 00:32:01,443.01
821,715,69,2025-01-26 05:46:51,248.86
911,259,43,2024-09-11 01:15:07,77.81
1070,609,220,2024-12-06 20:24:45,115.27
1075,363,149,2024-12-22 09:12:46,193.88
1253,986,215,2024-09-04 09:43:03,352.09
1631,787,34,2024-05-28 19:19:09,487.13
1763,45,12,2025-01-28 01:42:36,189.02
1773,72,105,2024-12-28 07:20:25,285.58
1834,198,143,2024-05-24 07:21:33,142.92
1970,486,373,2024-07-26 18:50:55,497.14
148,914,363,2024-07-05 01:27:56,193.94
188,3,333,2024-10-17 13:04:09,411.16
211,331,492,2025-02-21 12:28:47,432.94
228,641,2,2025-03-15 04:54:31,17.02
348,311,365,2024-12-21 07:21:26,322.94
431,102,174,2024-05-27 16:11:09,493.7
548,772,12,2024-06-29 07:22:45,60.69
792,400,40,2024-10-28 20:54:46,253.87
903,766,261,2024-11-28 19:19:42,219.93
968,280,218,2024-10-21 13:54:39,250.14
1055,232,357,2024-10-15 01:36:25,191.94
1166,101,484,2024-12-15 16:46:54,128.21
1169,18,491,2024-10-06 05:36:15,415.7
1245,29,28,2024-04-25 11:08:59,366.38
145,407,116,2024-05-27 10:33:47,390.9
268,65,188,2024-05-15 07:59:51,433.98
410,18,360,2024-08-20 20:54:04,328.34
536,683,495,2025-02-11 05:28:27,463.57
544,365,403,2024-04-05 17:24:13,145.48
724,171,474,2024-07-21 23:22:25,246.84
934,705,130,2024-05-04 01:28:02,90.39
1092,920,171,2024-07-03 09:10:33,30.98
1231,17,382,2024-10-26 11:12:48,209.31
1337,977,490,2024-11-24 10:19:10,392.58
1553,57,274,2024-06-06 06:46:44,375.48
1949,145,375,2024-07-13 14:51:54,331.21
8,289,315,2024-09-15 01:49:44,183.06
294,328,150,2025-03-05 20:54:46,369.53
394,818,377,2024-07-15 09:24:13,302.28
501,683,106,2024-06-05 00:37:20,377.97
1008,215,53,2024-07-10 18:43:54,151.95
1179,723,403,2025-03-03 07:39:49,277.99
1409,122,71,2024-05-06 10:10:09,360.99
1564,291,276,2024-12-28 22:50:46,333.57
1727,431,144,2024-03-28 10:25:01,60.88
1897,956,476,2024-12-03 18:25:51,202.83
334,287,299,2024-05-12 13:26:25,396.5
391,343,65,2024-04-11 16:04:09,44.06
477,243,94,2024-05-08 04:09:59,373.53
559,671,422,2025-02-19 23:37:30,492.78
828,614,207,2024-12-07 10:47:33,137.84
1298,953,143,2024-07-29 00:30:33,383.34
1313,646,60,2025-01-15 09:36:41,140.6
1670,599,112,2025-02-06 17:34:01,72.33
1953,848,351,2024-08-06 22:19:21,14.61
38,850,52,2024-11-27 22:38:24,479.27
168,949,106,2025-03-16 01:38:54,267.88
562,230,34,2024-07-13 12:17:07,393.6
787,492,6,2025-03-15 09:36:38,222.86
988,319,376,2024-08-19 18:11:54,355.25
1428,633,22,2024-11-15 07:39:58,317.44
1470,588,148,2025-01-17 05:36:38,469.1
1661,773,448,2024-10-14 23:31:12,109.96
1711,905,295,2024-06-17 01:16:49,65.9
224,358,473,2025-01-18 20:35:35,51.5
577,220,346,2024-12-27 21:03:25,116.07
760,518,472,2024-07-31 09:06:39,149.04
818,466,44,2024-11-23 05:18:12,16.82
945,504,326,2024-12-30 23:37:55,385.38
1345,717,387,2024-05-26 19:46:52,394.86
1559,598,334,2024-09-17 03:34:53,42.81
1689,217,102,2024-05-18 08:36:16,418.24
1742,883,456,2024-03-28 18:23:51,481.29
1766,10,243,2025-01-20 18:04:47,137.99
1832,705,28,2024-07-03 06:43:00,420.12
1889,708,95,2024-04-09 21:53:26,405.54
1913,399,209,2024-10-03 13:22:58,363.7
1919,205,474,2025-01-26 09:34:39,265.63
176,802,402,2025-01-16 23:18:37,36.38
289,412,434,2025-03-22 08:24:18,226.66
313,187,18,2024-09-10 17:37:36,352.71
564,281,55,2024-08-30 10:59:16,111.84
604,465,179,2024-07-23 23:27:50,236.83
632,864,184,2024-04-28 01:43:39,248.79
796,467,149,2024-04-06 08:35:33,409.28
868,848,156,2024-05-09 16:28:39,86.05
931,273,233,2024-11-27 02:58:16,340.37
1207,323,237,2025-02-25 21:49:42,177.6
1638,43,7,2024-06-03 12:24:02,223.67
1737,526,498,2024-08-24 21:28:56,264.13
1917,436,476,2024-07-04 23:53:02,136.15
225,184,60,2025-01-24 17:05:16,80.34
1024,334,233,2024-07-27 04:43:31,308.15
1135,937,269,2024-04-13 02:44:12,190.36
1507,568,211,2025-01-11 09:57:55,174.45
1845,267,462,2025-03-05 13:47:37,419.02
271,497,223,2025-03-14 21:17:10,490.83
297,990,362,2024-07-06 13:17:57,285.55
605,880,169,2024-08-19 03:31:42,331.39
701,299,336,2025-01-08 15:11:12,327.83
1104,855,275,2024-11-01 07:32:27,419.97
1270,480,389,2024-08-15 09:41:30,459.22
1487,67,293,2025-03-08 05:29:30,120.64
1870,804,40,2024-05-31 13:17:06,63.29
1991,418,314,2025-03-18 04:16:28,137.76
57,255,428,2025-01-31 11:15:54,330.84
99,43,428,2024-08-05 23:29:11,383.18
209,271,94,2024-12-03 07:13:39,93.98
1351,195,273,2024-08-02 17:16:11,37.14
1355,809,257,2024-07-22 15:14:11,303.09
1749,922,115,2024-09-12 01:41:02,170.0
1876,437,431,2024-07-24 14:35:20,208.8
1908,681,71,2024-05-14 04:04:27,314.86
122,908,415,2024-11-11 05:05:12,39.23
312,861,432,2025-01-11 17:31:58,114.2
462,351,339,2024-07-28 12:38:26,136.48
652,257,161,2024-11-16 04:08:29,194.32
823,53,127,2024-12-09 18:58:16,93.63
948,502,256,2024-08-04 01:53:59,142.18
971,122,0,2025-01-29 06:05:31,107.31
1393,480,300,2024-08-16 17:18:08,67.0
1459,984,475,2024-05-01 10:22:02,382.23
1496,407,409,2024-12-24 08:27:42,381.84
1699,301,304,2025-01-05 01:18:54,106.54
1842,339,61,2025-02-25 01:00:14,255.61
60,151,151,2024-07-28 00:30:29,469.27
673,630,50,2024-04-02 19:32:13,79.41
700,392,173,2024-11-19 21:34:15,269.18
748,887,228,2025-01-30 08:33:04,17.63
798,777,223,2025-01-11 21:52:06,297.41
994,165,49,2024-08-26 09:03:01,206.81
1187,78,119,2024-11-22 00:56:23,254.89
1779,780,51,2024-05-17 13:22:27,315.27
1837,867,417,2024-11-23 13:25:33,413.95
1860,478,261,2024-08-18 23:58:21,152.43
94,2,7,2024-07-18 17:31:19,127.02
411,867,242,2024-03-28 17:40:45,453.26
422,985,185,2024-06-08 14:07:32,208.99
657,832,96,2025-03-12 10:39:49,121.99
699,94,471,2024-09-14 14:26:36,98.76
807,497,289,2024-06-02 17:32:39,60.67
1109,280,490,2024-10-31 23:45:46,373.21
1172,887,486,2024-10-02 09:07:11,100.19
1189,652,427,2024-11-05 06:28:41,362.65
1283,73,244,2024-05-08 15:00:00,94.37
1426,553,53,2024-04-08 10:43:26,354.15
1706,637,286,2024-05-17 05:27:17,302.41
1826,378,45,2024-04-29 09:24:47,84.79
1831,209,441,2024-08-21 21:57:37,118.94
1994,422,114,2024-07-08 09:34:46,378.7
79,663,223,2024-03-29 15:42:27,427.61
117,409,424,2025-02-02 07:00:18,123.73
277,285,268,2024-06-13 20:29:22,50.01
350,364,338,2024-10-27 18:31:38,313.71
1174,84,50,2024-06-16 11:44:46,246.18
1442,494,83,2024-10-26 11:22:42,275.86
1497,179,411,2024-06-04 21:45:09,481.2
1956,703,176,2024-04-30 02:56:42,65.1
71,386,331,2024-07-09 01:02:51,254.91
80,453,268,2025-01-18 19:18:32,346.91
685,60,474,2025-01-18 20:45:48,146.86
981,997,135,2024-12-11 17:59:37,459.61
1125,929,417,2025-02-02 07:09:16,376.47
1252,211,166,2024-06-23 05:46:48,18.68
1312,153,418,2024-11-17 06:24:14,86.33
1643,370,45,2024-08-23 18:56:16,72.05
36,981,105,2024-09-10 14:48:44,252.89
324,728,277,2024-11-16 18:52:01,490.61
709,143,307,2024-05-25 11:32:59,420.34
1258,925,299,2024-07-12 18:38:40,465.7
1291,138,36,2024-04-03 22:59:49,247.03
1434,604,467,2024-11-17 15:56:06,499.62
1463,643,405,2024-11-12 22:16:52,192.46
433,752,453,2024-06-09 21:55:25,410.94
567,376,203,2024-08-02 20:43:29,290.53
762,809,443,2024-06-29 17:16:01,34.29
801,925,3,2024-10-05 06:26:05,382.72
805,194,155,2024-10-13 23:46:18,240.53
817,986,444,2024-06-14 11:53:37,267.82
855,42,39,2025-02-27 20:19:52,222.59
1755,885,459,2025-02-17 08:22:07,467.32
1857,70,152,2025-01-05 07:49:22,244.29
40,995,302,2024-10-18 11:25:11,234.61
130,1,323,2024-08-11 14:57:37,380.39
472,74,237,2024-06-24 21:54:38,113.62
537,734,107,2024-11-30 04:48:58,419.25
610,953,378,2025-02-07 00:07:43,294.42
840,762,372,2024-10-17 09:21:31,472.36
901,836,260,2024-09-20 19:56:16,152.29
1249,697,283,2024-03-26 10:56:55,267.49
1350,121,289,2024-09-28 09:11:04,291.5
1594,819,386,2024-07-02 11:48:58,174.25
1891,320,41,2024-11-08 12:58:12,206.18
1958,594,362,2025-03-01 08:01:32,183.47
1981,344,396,2025-03-23 23:55:47,230.92
23,268,183,2025-01-31 01:22:16,24.11
116,639,494,2024-11-30 21:32:24,267.2
480,980,151,2024-04-07 18:29:00,469.2
723,200,216,2024-04-22 05:01:58,123.31
923,204,250,2025-02-21 23:02:20,386.41
1193,295,168,2024-04-12 22:40:04,232.46
1310,644,275,2024-10-26 15:39:24,441.51
1455,582,386,2024-09-10 06:18:24,444.24
1623,849,125,2024-12-12 04:43:02,247.73
1696,355,259,2024-10-21 10:42:41,190.33
1724,673,467,2024-03-30 13:54:01,120.87
1,247,171,2024-08-29 14:16:09,423.2
132,734,200,2024-12-24 23:28:41,198.04
247,10,135,2024-12-06 14:21:27,146.52
283,960,400,2024-11-06 06:51:16,71.24
292,710,97,2024-08-06 08:56:59,424.85
346,371,32,2024-07-22 04:42:35,267.05
1353,452,108,2024-07-24 08:16:55,187.75
1448,381,233,2024-09-16 15:47:56,362.63
1492,704,222,2024-07-17 02:06:43,34.32
1652,134,170,2024-10-29 15:27:06,349.92
1723,387,22,2024-03-26 23:00:49,465.07
1914,52,54,2025-02-06 13:51:15,142.25
24,319,2,2024-11-30 03:11:29,475.61
241,645,360,2025-03-02 13:29:38,39.73
243,738,220,2024-05-11 04:39:08,262.8
427,537,256,2024-09-23 21:14:15,341.7
635,999,416,2024-08-09 18:21:52,65.3
687,433,226,2025-01-02 22:55:48,188.07
995,323,42,2025-02-17 20:09:48,24.77
1089,667,173,2024-10-23 15:49:26,135.88
1386,226,253,2024-10-11 07:13:32,413.38
1395,61,330,2025-02-04 03:10:15,288.05
1673,460,21,2025-03-23 14:44:47,107.89
1792,597,373,2024-07-23 02:28:54,279.92
9,795,293,2024-10-05 18:24:30,191.52
16,979,147,2025-03-03 18:07:39,182.56
52,425,12,2024-08-10 08:46:18,237.92
194,534,6,2024-07-22 13:44:14,119.59
200,636,415,2024-04-26 19:03:39,295.18
918,976,303,2024-09-11 07:26:18,279.16
991,197,202,2025-01-06 11:43:47,31.77
1029,319,176,2024-10-22 11:54:02,215.58
1246,755,79,2024-10-15 09:27:36,223.7
1358,110,7,2024-10-30 19:31:17,205.01
1381,244,400,2024-04-21 20:41:22,308.56
1488,70,480,2024-10-02 04:46:58,298.78
1866,215,397,2025-03-23 17:08:32,460.93
1909,18,355,2024-08-13 00:47:03,105.26
505,484,215,2024-07-14 08:02:27,24.5
910,1,438,2024-07-25 14:07:36,439.18
1022,31,51,2024-08-11 14:04:23,271.45
1707,214,460,2024-05-08 18:13:58,372.87
59,144,192,2024-12-18 03:28:39,258.08
310,947,150,2025-02-26 16:54:55,73.99
361,132,205,2025-03-06 08:11:55,153.35
535,233,348,2024-06-06 15:17:00,23.19
547,862,128,2024-09-11 17:54:09,420.92
692,775,68,2024-11-11 14:56:28,173.95
1002,455,166,2025-02-06 09:55:39,100.69
1221,537,398,2024-12-22 03:12:30,419.45
1240,415,221,2024-05-05 15:07:03,140.85
1400,332,139,2025-02-12 18:18:14,150.46
1406,467,433,2024-09-29 04:54:19,130.03
1443,113,496,2024-07-19 14:29:08,321.26
1585,414,494,2024-06-21 11:01:43,383.64
1878,855,193,2025-02-12 09:27:52,386.21
571,537,394,2025-02-03 12:13:57,34.22
583,403,439,2024-09-21 05:22:47,51.18
857,628,434,2024-12-23 23:24:10,23.21
969,578,150,2024-10-30 22:37:58,137.28
1086,671,147,2025-03-13 05:45:36,12.0
1197,28,118,2025-03-12 07:47:51,335.21
1322,52,368,2024-10-21 10:12:54,450.42
1354,782,245,2024-12-09 19:11:20,406.14
1520,114,2,2025-01-28 14:30:14,367.32
1565,611,17,2024-11-19 18:41:13,181.02
1757,223,207,2024-08-05 19:59:32,136.99
1892,169,118,2024-10-07 04:33:06,239.19
11,276,299,2024-09-22 15:10:33,382.93
67,50,52,2024-11-15 16:37:47,299.63
111,316,318,2024-12-13 18:47:37,380.25
258,89,219,2024-12-03 18:08:50,341.81
445,720,386,2024-10-10 15:21:41,400.41
545,563,440,2024-09-16 09:45:04,16.63
570,227,288,2024-07-31 04:58:23,237.71
612,710,492,2024-11-20 15:15:26,147.56
921,225,300,2024-05-05 00:41:51,140.08
1048,778,9,2025-01-11 10:33:30,462.25
1244,549,334,2025-02-08 12:20:38,233.28
1261,157,273,2025-03-23 14:00:50,269.75
1449,41,198,2024-06-24 15:37:10,265.96
1811,941,288,2024-08-10 15:11:18,482.91
33,783,471,2024-04-27 11:04:31,100.04
519,132,84,2024-05-17 08:45:17,14.79
520,562,270,2024-10-07 13:19:16,304.75
525,560,395,2024-04-05 01:27:23,409.5
647,838,215,2024-08-31 09:37:01,453.97
695,43,349,2024-09-23 15:46:14,120.6
749,595,424,2024-08-21 10:14:41,436.73
1902,286,331,2024-05-18 16:36:57,366.18
152,829,267,2024-05-30 10:28:05,73.37
178,809,454,2024-06-09 19:29:02,473.01
362,340,267,2024-07-21 00:23:17,395.16
862,954,324,2024-05-24 05:23:15,15.24
947,700,143,2024-08-17 03:52:54,477.39
1031,30,202,2024-04-01 12:22:21,236.98
1088,355,78,2024-08-05 11:14:15,459.29
1404,884,488,2024-10-12 04:21:37,204.77
1963,142,290,2024-11-04 17:55:26,259.75
239,859,53,2024-09-19 21:31:10,491.47
299,617,295,2025-01-20 08:39:34,26.56
860,9,171,2025-02-13 11:46:52,438.96
1326,645,143,2024-05-27 23:02:31,185.73
1331,653,390,2025-01-11 11:31:36,375.89
1481,898,327,2024-10-20 22:50:33,306.56
1822,6,498,2024-09-12 11:41:23,347.18
1830,381,396,2025-01-17 02:17:11,433.39
1959,153,97,2024-10-04 17:56:51,484.47
353,804,423,2024-09-01 03:03:13,433.31
454,283,468,2025-02-09 23:44:48,215.22
696,85,412,2025-03-17 03:18:19,451.97
1157,995,443,2024-04-03 02:33:00,493.21
1397,806,443,2024-04-29 06:40:53,139.63
1464,157,172,2024-12-24 02:00:57,393.34
1523,968,426,2024-04-30 09:54:35,301.18
1595,377,255,2024-12-03 13:52:47,190.27
198,925,276,2024-06-02 08:21:36,264.57
671,37,136,2024-10-02 05:07:57,35.97
856,935,130,2024-11-12 04:18:31,73.06
1275,180,331,2024-10-29 08:34:55,313.89
1427,113,269,2024-10-27 04:34:40,101.7
1587,9,290,2024-06-22 06:40:23,76.11
1725,838,172,2024-07-29 10:01:44,278.77
1035,934,48,2024-10-28 06:30:16,265.77
1153,689,301,2024-03-29 13:34:30,306.1
1357,954,6,2024-06-29 21:15:21,478.45
1454,660,402,2024-11-17 13:28:11,221.62
1660,265,200,2025-03-08 17:48:51,341.5
1722,595,248,2024-07-26 15:41:17,254.36
1972,90,129,2024-07-08 04:27:52,342.64
133,439,179,2024-06-05 03:36:37,300.52
666,425,370,2024-12-04 06:06:40,403.39
810,484,222,2024-09-28 15:05:43,280.01
896,316,154,2024-10-31 09:22:29,126.8
1015,68,5,2025-02-08 20:04:30,92.69
1183,443,427,2024-11-22 10:22:16,74.29
1269,15,187,2024-11-15 08:55:30,494.31
1296,957,19,2024-11-20 21:04:02,215.52
1571,696,22,2025-01-28 18:55:16,31.9
1771,461,105,2024-04-21 17:37:29,272.98
203,979,332,2025-03-13 11:26:46,236.91
272,696,44,2025-01-31 21:54:22,254.14
340,148,418,2025-03-07 07:55:25,328.39
831,713,417,2025-01-10 21:43:01,116.24
1046,40,121,2024-05-12 09:12:04,150.41
1441,60,24,2024-05-25 18:51:32,54.05
1726,412,101,2024-07-02 12:21:00,15.14
1781,254,437,2025-03-12 08:45:57,217.08
1824,913,220,2025-02-24 12:44:10,54.4
195,134,33,2024-12-21 08:41:55,463.56
523,89,353,2025-02-20 01:50:06,456.41
526,93,297,2024-06-08 07:43:20,86.88
598,247,354,2024-11-11 19:30:03,439.3
614,740,170,2024-05-31 00:43:13,193.62
913,637,287,2024-03-24 19:31:30,11.71
1058,220,360,2024-07-02 14:42:07,485.68
1392,54,152,2024-10-18 19:41:11,337.47
1415,818,236,2024-07-29 15:43:28,109.94
1440,547,20,2025-03-04 15:17:24,327.25
1704,740,95,2024-05-10 03:10:36,312.13
62,58,353,2024-09-06 07:19:31,62.7
403,417,376,2025-03-06 00:38:56,202.79
493,915,266,2024-10-03 09:40:26,53.76
506,181,163,2025-03-16 12:17:31,47.33
542,39,170,2024-11-06 09:56:45,475.17
591,413,254,2024-08-12 09:15:03,367.8
609,986,393,2025-03-10 21:38:17,99.11
677,213,203,2024-04-22 07:00:38,426.59
957,513,424,2025-03-13 07:31:19,368.61
1214,236,142,2024-06-09 01:01:46,58.46
1256,26,317,2025-01-15 19:45:44,210.07
1467,787,293,2025-01-26 12:57:55,355.28
1748,547,301,2025-01-20 12:01:29,29.67
1911,837,449,2025-01-29 22:26:23,80.63
1916,280,464,2024-08-26 07:54:43,160.92
328,532,193,2024-04-25 23:28:49,310.84
428,334,167,2025-01-18 06:55:18,291.38
444,646,422,2025-03-17 10:27:59,416.08
646,59,397,2024-10-19 18:38:49,198.59
708,648,194,2024-05-20 10:14:36,40.69
838,49,341,2024-07-28 02:48:07,323.91
889,13,298,2024-06-22 16:08:36,141.16
1081,375,297,2024-08-11 11:57:34,254.73
1871,758,177,2025-03-10 01:19:04,224.61
124,871,215,2025-03-09 18:09:35,469.52
143,143,79,2024-12-10 09:57:18,177.86
359,369,387,2025-02-16 19:53:16,190.8
611,597,295,2024-07-14 19:28:31,184.0
658,900,386,2024-05-14 23:07:29,16.82
712,806,178,2025-01-22 01:20:13,127.93
1171,133,490,2024-11-13 14:42:39,339.66
1306,845,266,2024-08-11 23:20:25,463.93
1335,707,437,2024-06-26 22:55:56,149.04
1368,93,243,2024-06-16 15:32:47,411.17
1651,758,120,2025-01-18 16:34:43,493.81
1903,330,2,2025-03-06 06:43:02,443.54
82,857,83,2024-09-15 10:37:17,299.09
108,123,143,2024-08-22 21:34:31,111.35
373,528,441,2024-08-03 03:28:29,377.13
1382,868,202,2025-03-06 08:02:37,68.76
1490,645,424,2024-05-27 19:43:41,254.21
1500,711,466,2024-04-10 10:37:30,447.81
1745,782,86,2024-08-08 06:11:53,352.69
453,203,323,2024-05-25 09:08:33,363.23
552,136,296,2025-01-15 01:40:55,91.5
1041,727,398,2024-08-24 10:46:43,457.28
1591,722,482,2024-12-15 17:34:30,216.19
1619,198,351,2024-08-07 01:40:00,292.54
1791,201,176,2024-12-28 22:26:40,465.73
1793,603,343,2024-12-26 01:46:58,463.05
337,229,396,2024-12-14 07:42:25,208.96
494,374,46,2024-10-20 11:19:55,375.65
551,368,302,2024-05-17 09:07:18,346.77
799,666,18,2024-09-03 17:17:02,304.39
938,929,198,2024-12-08 03:47:08,47.53
1012,801,108,2024-07-17 02:35:55,455.92
1363,485,65,2025-02-22 18:37:06,493.78
1451,394,298,2024-12-09 21:53:44,116.31
1586,56,245,2025-01-12 18:11:07,397.62
1681,766,61,2024-12-07 21:57:55,168.06
1852,140,312,2024-09-25 19:21:21,403.46
92,596,66,2024-07-31 06:27:45,480.77
253,215,231,2024-06-21 21:36:55,342.01
259,745,369,2025-01-22 00:22:13,268.58
1239,455,239,2024-07-17 04:31:47,361.43
1529,519,269,2025-01-07 23:52:29,309.92
1566,5,442,2024-04-14 18:02:48,293.07
1690,389,468,2024-06-06 00:21:51,11.39
1784,296,190,2025-01-19 23:18:27,173.07
333,872,58,2024-04-16 01:12:18,459.26
336,480,371,2024-06-18 16:20:06,433.58
599,100,231,2024-11-29 02:39:13,200.2
922,5,14,2024-10-25 03:43:10,171.64
1037,866,487,2024-04-18 15:36:23,37.15
1061,447,497,2024-08-15 16:47:39,20.75
1159,311,258,2024-07-13 07:41:11,235.97
1268,846,158,2025-03-18 11:45:57,359.95
1429,456,462,2025-03-13 07:25:54,318.3
1457,171,229,2024-06-20 15:42:18,422.5
1905,354,277,2024-03-28 08:37:10,247.86
17,495,46,2025-03-16 21:38:17,184.2
345,106,426,2025-01-27 02:33:25,127.17
349,644,319,2024-07-08 03:10:48,34.51
1114,647,484,2024-04-29 22:19:01,392.51
1185,617,24,2024-04-05 23:43:47,23.12
1678,829,427,2024-09-23 03:45:23,301.35
1915,843,471,2024-09-28 15:34:28,125.48
256,771,316,2024-04-09 05:52:39,165.2
388,555,131,2024-06-07 07:17:14,139.47
475,365,431,2025-02-02 11:09:09,418.43
555,321,339,2024-07-14 03:28:15,19.02
563,844,441,2024-12-10 09:51:29,254.69
579,318,13,2024-05-27 21:13:44,284.26
758,415,279,2024-11-08 06:44:46,82.41
763,50,89,2024-09-18 02:06:56,379.29
1039,865,224,2024-05-03 11:04:11,423.49
1129,123,261,2025-02-12 00:32:18,332.92
1399,382,323,2024-10-19 12:49:03,175.92
1424,859,213,2024-07-04 23:20:08,32.3
1499,904,253,2024-08-27 02:17:18,14.52
1616,544,315,2024-10-07 00:31:38,454.83
70,54,101,2024-10-02 08:56:38,438.42
561,272,463,2024-07-12 09:35:38,420.88
871,872,67,2024-12-23 13:12:20,22.96
996,542,65,2025-03-02 04:28:58,289.29
1067,454,412,2024-12-29 08:23:18,326.3
1380,957,18,2024-06-08 10:04:44,360.89
19,473,53,2024-09-25 22:09:34,394.07
139,73,244,2024-05-20 14:49:21,231.95
189,699,434,2024-06-20 03:45:30,295.17
409,963,238,2024-11-21 14:25:05,360.05
697,488,4,2024-11-25 07:41:21,119.3
827,341,466,2024-08-09 19:02:06,221.55
985,661,474,2024-10-26 10:37:48,479.24
1066,234,482,2024-11-05 21:52:03,483.44
1541,519,268,2024-09-21 14:01:47,286.92
100,463,275,2025-02-03 21:58:09,313.38
230,732,373,2024-09-08 17:32:20,409.12
250,151,427,2024-12-14 12:20:27,295.0
730,870,348,2025-02-03 09:29:46,456.38
776,427,290,2025-03-21 06:41:06,26.49
1373,898,86,2024-08-14 07:07:38,99.78
1865,24,241,2024-10-26 21:12:45,355.15
10,452,226,2024-12-08 23:23:56,148.32
72,908,14,2024-06-21 00:58:59,291.94
163,671,71,2024-06-24 07:16:11,58.57
282,617,462,2025-03-19 13:21:14,306.0
307,291,343,2024-10-19 10:46:14,452.22
615,177,329,2024-12-05 01:21:17,462.85
864,50,97,2024-06-20 14:10:52,18.52
990,628,143,2024-12-10 05:49:20,402.66
1477,843,92,2024-08-24 03:36:52,196.06
1630,506,411,2024-11-13 06:12:54,201.04
1746,439,245,2024-12-14 03:01:40,70.34
1899,210,174,2024-07-10 13:07:43,136.87
1996,175,461,2024-06-05 13:21:36,79.75
302,868,270,2024-09-23 19:51:41,70.27
800,333,45,2024-12-04 08:59:58,184.35
866,247,254,2024-12-24 18:18:22,46.76
1090,407,263,2025-01-20 23:34:46,496.34
1538,598,319,2024-10-25 08:36:18,215.96
1577,522,302,2024-04-30 13:41:00,14.92
1598,853,109,2024-06-10 07:47:44,199.11
381,531,161,2024-12-13 11:20:36,482.91
491,923,34,2025-02-01 01:28:57,119.95
1544,431,474,2024-09-18 13:12:43,217.4
1601,825,48,2025-01-15 22:19:56,28.46
1735,981,239,2025-02-24 03:58:31,376.58
1828,441,184,2025-01-23 06:16:15,95.19
1951,992,116,2025-01-29 17:03:17,471.89
210,955,163,2024-08-17 11:52:38,392.23
267,375,118,2024-09-11 19:10:17,153.6
793,712,238,2025-03-15 12:04:01,176.77
914,560,406,2025-02-02 00:53:09,182.73
920,209,76,2024-12-19 21:48:06,294.9
1579,411,173,2025-01-02 01:18:07,407.05
1606,500,233,2024-07-11 14:52:52,348.99
1642,430,238,2025-01-17 11:08:24,11.31
1764,7,366,2024-08-22 14:53:44,237.67
141,966,72,2024-06-09 05:12:58,61.66
182,732,405,2024-04-24 19:02:43,391.02
735,862,17,2025-01-01 06:35:04,293.1
744,635,309,2025-01-23 11:39:49,289.0
757,465,245,2024-09-10 06:26:11,48.38
894,762,211,2024-07-07 21:10:52,217.64
1695,555,134,2024-06-12 16:15:09,146.31
1790,924,166,2024-06-06 16:42:39,270.38
670,514,343,2024-06-30 10:38:04,67.63
939,515,468,2024-11-13 14:18:46,391.98
1112,965,205,2025-01-12 18:54:45,178.24
1224,993,262,2024-05-30 18:17:57,121.05
1287,633,346,2024-09-27 15:00:47,30.06
1321,594,368,2024-03-28 20:18:24,142.7
1508,513,118,2024-04-03 07:50:50,230.86
68,917,29,2024-11-06 05:00:54,241.7
291,78,166,2024-08-13 18:47:12,407.46
306,127,35,2024-06-26 20:41:53,405.23
999,594,335,2024-03-29 18:59:10,184.88
1280,763,317,2024-11-06 13:22:37,325.07
1303,304,135,2025-03-07 06:47:19,386.75
1930,476,403,2024-04-26 05:30:34,289.85
128,893,463,2024-07-12 07:05:05,60.36
162,876,386,2024-12-09 17:48:11,316.24
171,946,105,2024-04-18 02:13:02,381.94
227,685,41,2024-09-13 19:28:40,78.4
1220,635,345,2024-10-31 16:14:28,489.42
1605,140,400,2024-04-08 05:39:26,64.28
1693,547,432,2024-09-01 14:02:07,431.56
1945,315,77,2024-06-13 17:09:23,174.86
1978,213,63,2024-06-15 03:31:20,382.04
84,493,265,2024-07-12 02:33:58,339.58
245,551,398,2024-07-29 18:51:06,425.59
451,158,389,2025-03-21 12:50:31,54.08
732,116,140,2024-09-03 05:02:13,313.23
1011,892,125,2025-01-10 12:33:04,149.54
1370,525,277,2025-03-20 12:15:26,221.55
1414,714,315,2024-05-12 07:27:37,221.75
1869,637,494,2024-08-11 21:41:16,219.67
1985,885,243,2024-07-22 18:29:54,294.68
680,805,64,2025-01-30 09:08:57,86.77
885,914,23,2024-09-21 07:11:11,242.63
917,913,144,2024-09-17 08:58:18,183.1
1148,206,183,2025-03-15 06:24:52,47.68
1641,124,387,2024-05-29 10:26:07,277.19
1862,436,343,2024-05-10 05:31:57,130.6
217,235,470,2025-03-19 05:40:18,329.59
266,789,3,2025-01-05 19:44:33,87.04
576,485,143,2024-12-25 15:58:49,426.75
627,843,109,2025-01-30 07:58:27,400.02
1123,491,106,2024-08-06 12:44:31,410.52
1241,899,131,2025-01-29 07:16:26,228.14
1528,717,315,2024-12-15 06:29:32,382.3
1608,176,181,2025-02-15 08:30:19,74.16
1692,492,277,2024-12-06 12:58:08,382.76
1741,620,177,2024-07-14 03:20:47,472.78
1948,110,207,2024-09-15 05:10:01,259.08
1999,659,387,2024-08-22 14:27:09,253.75
76,238,252,2024-12-07 23:14:42,390.35
572,439,100,2024-11-08 05:56:27,205.11
642,289,80,2024-08-13 06:19:20,51.56
926,551,419,2025-03-11 07:50:08,255.15
1208,203,150,2025-03-13 03:07:34,266.63
1628,794,226,2024-09-30 20:42:34,330.12
1751,976,320,2024-05-05 19:28:00,190.1
1838,90,4,2024-06-21 17:08:08,454.72
53,270,276,2024-11-18 01:06:36,116.38
872,600,499,2024-05-10 15:12:38,474.11
1401,183,320,2024-10-26 17:00:20,81.84
1604,246,119,2024-10-01 23:40:03,200.05
1713,197,351,2024-05-12 14:54:28,123.48
1839,159,15,2025-02-17 18:00:36,190.48
330,859,202,2024-09-08 23:42:16,99.15
335,675,374,2024-08-14 04:44:46,386.91
357,433,297,2024-04-27 20:09:19,290.05
399,317,394,2024-11-16 00:08:29,150.89
424,507,426,2024-04-26 06:59:17,177.82
534,279,183,2024-05-14 18:22:07,116.22
568,174,93,2024-10-29 08:44:16,337.69
631,26,79,2024-12-19 08:19:24,260.74
655,793,185,2024-12-19 02:28:49,463.53
681,546,225,2024-10-14 19:15:16,460.95
703,762,454,2024-08-07 10:16:00,417.19
1093,279,89,2024-11-06 04:21:27,333.94
1273,81,289,2024-04-29 05:32:08,402.88
1818,687,165,2024-05-31 23:34:43,174.13
32,833,269,2025-01-23 23:30:05,247.19
621,569,294,2024-11-30 23:13:23,254.23
822,774,455,2024-04-25 21:25:56,293.62
1206,905,339,2024-11-03 10:06:34,392.05
1226,365,285,2024-11-11 17:30:00,21.82
1265,691,303,2024-09-06 09:06:49,451.17
1367,957,414,2024-06-16 07:15:10,92.53
1816,649,341,2024-08-19 03:16:58,221.83
5,886,207,2024-12-18 00:15:44,277.34
377,816,108,2024-08-31 02:45:27,349.73
402,913,259,2024-07-16 22:15:23,216.92
499,303,274,2024-12-07 06:47:42,283.94
584,0,90,2024-12-10 16:12:35,375.81
834,101,51,2024-12-02 11:23:09,340.56
881,302,480,2024-12-17 07:33:57,116.43
924,905,481,2024-06-22 00:27:44,200.89
1195,765,89,2024-09-28 02:14:43,148.3
1250,220,348,2024-07-31 02:15:12,226.68
1471,116,12,2025-02-12 04:22:45,487.92
1778,111,168,2024-06-05 18:22:39,203.25
1927,631,52,2025-01-15 11:34:42,490.35
47,724,287,2024-10-25 16:32:42,472.04
303,750,393,2024-05-10 10:42:42,12.3
443,181,409,2024-06-17 13:09:38,48.15
507,96,17,2024-07-19 08:26:12,50.65
573,380,78,2025-02-13 12:49:07,164.04
890,983,460,2024-11-30 09:38:23,406.86
1213,954,224,2024-05-01 22:47:47,145.11
1377,652,428,2024-08-04 09:14:43,400.65
1456,571,410,2024-10-06 06:05:32,175.01
1575,416,224,2024-11-08 15:36:36,304.59
1621,68,403,2024-12-26 19:05:45,268.24
55,872,396,2024-07-19 03:41:48,375.71
98,234,210,2024-06-03 06:54:43,105.36
755,419,327,2024-06-16 11:12:39,125.56
803,985,417,2024-09-06 05:37:51,257.51
814,615,111,2024-12-24 16:40:32,65.8
835,535,211,2024-11-16 08:24:10,250.46
841,714,155,2024-06-12 15:23:08,34.13
983,106,321,2024-03-27 20:46:36,452.25
986,943,261,2024-04-13 18:01:30,42.46
1503,271,373,2024-05-08 11:38:43,487.61
1732,732,412,2024-04-23 07:06:42,176.16
1795,939,284,2025-01-29 05:12:25,321.86
6,873,64,2025-01-17 03:31:13,94.02
125,722,313,2024-05-30 00:04:22,323.81
126,141,181,2024-07-17 16:10:22,79.73
278,261,83,2025-01-02 15:24:50,14.52
352,223,492,2024-11-03 23:19:57,136.2
368,909,422,2024-03-25 17:18:43,148.27
1119,390,189,2024-05-07 22:05:13,280.85
1143,360,474,2024-03-26 13:30:08,317.28
1216,468,393,2025-02-20 05:32:38,414.48
1260,785,472,2024-05-27 05:39:56,93.94
1385,827,45,2024-11-02 05:03:40,105.71
1550,324,356,2024-12-23 07:56:03,294.71
1926,932,386,2024-08-11 16:53:46,113.79
105,465,376,2024-05-08 18:01:51,349.93
160,992,0,2024-07-16 08:35:04,371.22
710,382,282,2024-08-25 15:09:25,425.36
942,873,334,2025-01-24 03:12:20,346.83
1102,487,50,2024-06-07 07:02:46,479.49
1180,399,195,2025-02-01 10:39:52,402.7
1237,864,260,2024-08-26 15:25:42,324.43
1248,159,319,2024-12-30 06:12:18,86.79
1418,121,340,2024-08-06 05:20:56,65.69
1435,381,304,2024-06-06 20:31:56,494.69
1568,550,346,2025-01-14 02:43:33,438.55
1581,17,446,2024-10-07 12:57:15,276.34
87,725,12,2024-08-07 07:26:00,308.68
859,229,205,2024-06-11 05:27:06,184.35
1590,654,275,2024-08-28 17:57:34,77.39
1874,34,131,2024-07-17 08:07:11,17.66
93,811,435,2024-10-21 15:41:12,441.92
102,777,306,2025-02-15 17:58:50,498.3
437,192,134,2024-05-15 05:12:18,183.92
653,871,8,2025-02-20 02:02:17,396.26
797,282,301,2024-12-09 01:14:48,374.61
1009,528,41,2025-03-10 03:19:21,387.97
1018,817,47,2025-03-20 04:52:11,350.65
1251,96,193,2025-01-20 12:35:58,331.22
1431,363,268,2024-10-30 14:49:03,307.2
1540,462,212,2025-01-18 14:55:01,209.42
1602,450,317,2025-02-12 06:17:48,480.39
46,649,140,2024-12-02 03:36:05,41.0
167,921,1,2025-01-28 11:42:58,86.52
955,977,86,2024-12-01 07:23:50,420.82
1091,644,480,2024-12-12 07:35:25,353.43
1188,671,280,2024-08-06 15:12:52,439.37
1809,207,135,2024-04-06 05:27:11,400.06
1888,601,202,2025-03-24 03:07:14,316.53
1906,383,478,2024-10-30 07:15:48,259.71
1940,332,300,2025-01-17 22:20:14,401.25
25,518,443,2024-07-16 10:09:37,338.13
165,602,6,2024-06-21 19:23:52,342.38
180,718,140,2025-01-15 03:37:29,387.12
191,73,408,2024-03-26 21:28:59,11.49
257,966,285,2024-04-20 13:55:09,409.47
378,255,189,2025-01-22 06:30:34,67.62
460,770,422,2024-07-21 08:19:40,145.77
463,748,226,2024-03-28 16:07:55,358.68
774,425,386,2025-02-18 11:57:37,482.31
880,908,327,2024-09-21 20:15:16,33.72
1107,59,263,2024-11-27 18:34:06,25.93
1115,531,107,2024-06-10 04:29:48,202.46
316,943,7,2024-05-04 16:56:20,385.28
648,323,93,2025-01-18 08:58:32,50.12
736,437,50,2025-03-19 04:58:16,110.16
786,514,375,2024-04-23 02:28:50,60.66
1004,431,194,2025-02-05 07:18:55,382.68
1072,525,425,2024-10-22 14:07:36,50.84
1100,795,12,2025-01-11 06:52:04,468.07
1271,239,477,2024-06-08 05:38:39,274.37
1391,563,70,2024-05-23 22:14:43,41.37
1460,144,63,2024-12-01 16:55:21,391.78
1774,404,221,2024-06-01 06:23:10,398.58
1783,355,275,2024-08-11 22:11:37,428.84
123,67,484,2024-11-26 05:57:39,324.25
264,566,413,2024-06-12 17:39:10,166.58
273,720,145,2025-02-14 15:34:37,133.54
457,185,483,2024-10-28 10:52:20,239.77
617,232,420,2024-09-10 14:48:22,213.88
915,391,445,2024-11-02 02:38:08,473.79
1288,423,289,2024-06-03 12:38:11,49.17
1289,263,312,2024-08-26 10:10:45,317.48
1472,878,398,2024-12-31 05:48:31,430.76
1632,897,109,2024-04-07 21:40:33,499.41
96,782,4,2024-09-16 19:21:19,361.56
390,990,45,2024-09-27 08:26:21,430.85
418,213,2,2025-01-04 09:23:56,136.38
1033,594,395,2024-10-08 19:15:19,349.27
1203,287,319,2024-09-02 12:07:44,196.94
1365,729,183,2024-12-03 22:58:35,156.34
1843,557,173,2024-07-30 00:12:07,31.68
1966,874,469,2025-01-29 05:32:12,406.66
1971,18,288,2024-09-15 18:30:04,115.46
90,821,250,2024-05-11 21:18:09,198.24
114,8,245,2024-08-11 00:54:55,241.53
192,236,385,2024-06-26 12:26:01,289.42
404,215,434,2024-09-06 14:53:21,478.28
464,480,354,2025-02-04 18:02:49,270.71
636,390,35,2024-08-04 10:59:48,441.18
978,539,158,2024-09-12 20:12:05,307.43
1073,320,44,2024-03-30 02:36:06,340.41
1729,60,319,2025-01-23 13:35:22,14.61
420,976,71,2025-01-07 13:06:38,348.93
637,450,194,2024-08-20 12:53:31,263.53
961,452,428,2024-04-08 11:02:56,390.41
1168,918,375,2024-09-05 22:45:24,401.01
1301,160,274,2024-08-05 07:40:10,63.8
1922,270,143,2024-12-26 07:35:13,403.09
1931,255,408,2025-03-03 05:21:57,432.82
1980,331,190,2024-06-06 18:50:39,310.91
252,37,269,2025-03-04 18:36:19,241.23
492,549,396,2025-01-12 21:57:36,248.16
794,483,201,2024-05-03 06:03:10,442.26
1095,357,237,2025-01-15 23:51:14,199.88
1378,964,98,2024-05-07 01:06:54,179.32
1444,679,402,2024-08-31 02:27:34,112.07
1558,898,372,2025-03-15 07:40:18,337.23
1624,832,15,2024-05-11 06:08:45,306.5
1650,762,441,2024-07-23 04:34:19,318.31
1821,655,377,2024-11-05 11:37:13,123.17
1867,989,247,2025-01-04 07:41:59,371.53
1935,408,2,2024-04-09 10:16:06,374.59
206,172,357,2024-09-27 11:39:07,312.76
208,414,9,2024-06-03 23:44:49,307.55
574,841,14,2024-04-21 05:21:24,328.3
725,802,239,2024-07-23 06:46:33,308.11
1013,282,15,2024-12-15 21:36:41,309.13
1050,783,201,2025-01-05 16:00:59,287.05
1154,357,305,2025-03-18 08:55:36,453.74
1202,243,459,2024-11-09 19:44:23,91.5
1785,816,201,2024-09-04 00:27:23,152.76
248,497,280,2025-01-16 13:41:56,112.25
263,167,367,2024-11-08 00:51:10,254.92
649,349,207,2024-07-06 13:02:05,146.59
1388,457,238,2024-06-08 04:17:28,276.34
1537,559,7,2025-02-27 09:34:02,217.8
1847,595,174,2024-11-22 17:27:36,295.44
1921,788,395,2025-01-24 16:34:00,100.19
1984,621,223,2025-01-27 14:14:45,249.24
471,850,411,2024-09-22 12:32:24,179.92
522,103,137,2024-08-31 10:32:19,137.13
531,175,79,2024-09-01 01:48:45,192.01
656,351,430,2025-03-19 21:32:42,31.43
746,739,238,2025-03-18 18:10:57,128.73
1020,587,57,2025-01-03 22:51:30,422.67
1098,716,155,2024-03-31 04:58:17,437.89
1267,365,300,2024-11-13 01:42:44,231.19
1408,467,72,2024-06-09 11:11:50,436.2
1489,773,180,2024-12-18 14:15:55,439.75
1715,282,270,2024-08-06 03:03:11,136.05
1920,4,258,2024-09-02 14:28:18,159.77
452,855,374,2024-11-18 18:52:56,483.85
503,218,70,2024-07-31 18:34:19,130.52
582,724,35,2025-02-10 10:50:57,173.81
705,100,358,2024-12-15 11:41:34,129.56
721,163,318,2025-01-07 23:58:26,51.5
1105,76,475,2024-10-20 15:13:44,372.87
1437,347,214,2024-12-05 07:43:06,343.29
1511,682,496,2024-04-08 12:22:24,130.16
1542,763,398,2024-06-01 20:16:17,435.23
1597,584,351,2024-06-29 11:36:12,154.71
1750,702,339,2024-08-14 06:41:45,475.25
1954,814,344,2025-01-28 18:29:01,409.93
1960,591,391,2024-09-27 19:11:32,256.29
20,807,379,2024-12-13 09:25:43,490.0
118,997,341,2025-01-14 02:15:01,46.3
325,932,68,2024-06-30 15:54:53,138.84
811,793,365,2024-10-26 16:51:10,144.51
1551,284,148,2024-06-15 13:17:32,111.33
1674,106,479,2024-12-05 11:29:51,295.32
112,430,64,2025-03-13 22:52:58,372.03
387,198,370,2024-03-25 08:44:52,368.9
398,316,217,2024-10-07 11:15:04,401.88
557,23,230,2024-11-09 16:20:10,164.78
729,678,420,2024-07-21 10:08:50,432.43
752,127,235,2024-06-14 02:00:23,436.29
958,769,437,2024-04-27 12:32:36,17.62
1181,306,49,2025-01-23 01:02:11,235.19
1402,379,430,2025-01-13 11:40:42,232.07
448,575,275,2024-12-08 05:51:54,463.42
546,765,27,2024-09-21 16:18:41,86.4
830,323,299,2025-03-06 23:59:59,246.41
858,14,63,2025-01-23 17:52:19,166.22
897,378,444,2024-12-09 07:37:42,449.28
1052,295,177,2024-06-12 20:17:35,194.09
1201,277,201,2024-10-23 21:24:20,436.11
1281,458,273,2025-02-25 16:54:45,391.87
1584,122,400,2024-05-19 10:08:35,117.11
1827,297,391,2024-12-17 20:14:07,425.75
1934,478,434,2024-11-02 23:56:03,336.73
1995,92,256,2025-02-04 14:31:47,387.59
66,959,16,2024-10-14 08:32:40,344.5
218,242,195,2024-12-18 07:15:35,54.67
342,137,253,2024-10-15 14:43:56,219.28
1074,589,476,2024-03-24 21:01:06,86.55
1347,613,37,2024-04-28 21:35:50,79.3
1360,260,400,2025-03-07 12:20:50,194.29
1364,961,273,2024-03-30 10:37:26,32.44
1519,743,142,2024-10-07 11:03:04,138.75
1733,420,70,2024-07-01 08:13:48,160.02
1863,464,210,2024-11-20 02:29:15,474.18
265,26,361,2024-11-25 10:40:23,39.82
932,10,321,2025-01-08 05:12:27,349.35
1136,31,195,2024-09-28 00:38:46,187.65
1161,15,69,2024-10-19 05:50:36,430.36
1210,391,259,2024-07-06 09:29:59,172.02
1254,76,141,2024-12-15 05:15:44,471.05
212,0,446,2024-04-04 00:02:29,389.83
510,645,295,2024-05-30 02:24:37,115.8
812,204,48,2025-02-11 15:24:19,342.93
1023,606,150,2024-07-08 08:28:39,421.34
1142,369,81,2024-10-09 08:08:57,106.04
1484,454,437,2025-02-11 14:36:37,389.19
1701,355,135,2024-05-31 19:14:06,13.39
1801,111,474,2024-05-11 09:05:44,460.38
43,499,208,2025-01-26 10:00:36,284.85
150,980,209,2025-01-17 01:59:21,452.87
207,572,446,2024-04-19 06:33:38,93.36
287,907,443,2024-09-15 22:52:57,495.54
524,945,388,2024-07-18 15:23:35,475.97
740,213,180,2025-03-04 04:30:17,437.66
929,704,143,2024-08-20 12:28:04,294.31
1343,140,32,2024-06-17 06:31:08,140.81
1379,668,68,2024-09-21 16:05:05,257.05
1560,35,355,2025-03-20 12:34:14,452.85
1939,10,478,2025-01-03 20:17:05,379.42
1968,664,402,2025-03-13 22:38:07,286.19
121,504,77,2025-02-06 22:02:40,129.22
159,466,395,2024-08-17 08:37:08,413.94
213,818,285,2024-09-09 09:01:35,127.98
242,187,499,2024-08-23 12:22:29,461.53
626,534,352,2024-10-01 06:40:51,129.85
1610,99,287,2024-08-23 07:39:46,450.86
1962,445,281,2024-08-06 17:03:45,467.79
1976,985,466,2024-04-26 23:56:21,262.34
629,97,57,2025-03-22 12:22:04,243.34
761,286,158,2025-03-07 13:01:39,186.35
973,627,81,2024-08-09 16:51:23,247.14
1173,362,189,2024-11-30 06:09:47,468.35
1266,155,481,2025-02-11 04:17:09,280.31
1475,322,199,2025-03-02 00:01:05,402.89
1627,585,428,2024-06-13 06:53:24,344.97
1720,84,256,2024-06-03 22:41:08,387.8
27,340,82,2024-09-22 22:56:29,466.0
44,260,57,2024-12-28 17:05:36,133.63
134,975,231,2024-09-30 12:00:57,487.67
175,174,40,2024-06-01 13:02:27,168.73
183,846,358,2024-03-29 17:42:00,64.88
323,40,294,2025-01-07 04:56:00,419.65
509,644,375,2024-09-19 08:55:17,108.4
719,395,3,2025-01-04 00:53:04,161.24
726,496,352,2024-09-19 12:04:35,243.74
750,305,433,2024-05-05 19:58:44,332.82
1264,255,427,2024-08-19 07:39:09,442.22
1421,494,253,2024-12-22 14:17:35,149.89
1525,409,163,2024-06-15 00:27:05,467.75
1546,219,157,2024-09-03 22:05:12,136.69
1607,783,16,2024-08-07 20:13:46,166.79
1662,81,164,2024-05-09 17:01:00,244.33
1806,324,79,2024-07-11 18:17:04,486.86
1998,186,95,2025-01-31 21:27:49,331.04
246,905,393,2024-04-06 01:03:15,332.14
249,108,226,2024-10-24 10:00:24,320.91
301,534,422,2025-02-12 07:26:40,466.37
619,898,171,2024-12-23 14:30:20,139.24
1362,727,110,2025-03-05 17:26:20,439.47
1473,312,170,2024-03-31 10:30:25,332.93
1569,595,40,2024-12-18 15:48:44,202.13
1620,276,296,2024-04-29 22:54:16,197.87
1668,33,242,2024-06-10 10:20:04,206.88
1669,834,306,2024-11-19 07:47:23,485.1
1802,97,283,2024-10-06 11:10:02,187.53
75,199,475,2025-03-09 01:41:47,144.87
164,205,373,2024-12-21 04:59:01,14.23
383,964,155,2024-06-30 11:56:19,338.99
592,820,173,2024-08-21 04:59:06,105.86
408,43,89,2024-05-30 17:21:35,44.5
447,239,62,2024-04-13 07:59:01,243.02
603,865,128,2024-07-28 17:49:39,133.01
686,440,237,2025-01-23 01:40:04,325.52
702,211,261,2025-02-10 22:12:37,487.09
912,204,401,2025-03-15 06:19:31,169.31
916,371,225,2025-01-10 09:29:17,245.5
982,233,290,2024-07-31 06:59:07,39.16
1514,770,411,2025-01-23 02:37:55,109.37
1987,780,179,2024-12-06 13:09:20,439.28
281,264,335,2025-03-07 03:34:54,180.14
426,22,132,2024-07-28 08:30:53,320.21
595,394,330,2024-09-16 13:42:41,394.55
1486,2,417,2024-10-23 15:40:00,340.31
1797,380,16,2024-12-03 23:14:30,407.29
1907,505,453,2024-11-10 14:01:11,274.39
1925,650,11,2024-12-13 04:44:18,31.92
279,956,250,2025-02-21 02:42:22,406.14
607,162,454,2024-05-05 07:14:37,308.6
623,449,110,2024-07-09 21:36:46,246.05
784,842,107,2025-01-03 08:56:06,29.37
965,289,309,2024-07-28 01:34:35,471.81
1000,945,362,2024-04-27 03:28:02,456.13
1051,866,424,2025-02-28 03:45:25,239.38
1108,97,164,2024-08-29 16:06:40,460.44
1132,6,0,2024-10-13 13:13:57,492.67
1317,156,340,2024-05-20 18:46:36,28.35
1728,928,336,2024-11-17 11:30:53,369.07
1780,310,435,2025-02-01 20:29:24,206.11
29,302,56,2024-03-24 19:11:11,155.19
233,707,234,2024-09-04 03:57:28,496.08
269,904,145,2024-04-01 03:50:51,41.71
659,867,131,2024-12-05 12:08:18,327.76
933,491,119,2024-09-02 16:39:07,172.12
1167,423,174,2024-08-22 08:10:08,272.99
1633,617,205,2024-07-21 20:07:50,237.24
1688,177,280,2025-01-25 11:19:53,298.54
1747,661,485,2024-08-28 13:56:32,498.99
1880,181,223,2024-06-03 02:54:39,219.8
215,841,416,2024-07-23 10:05:16,258.5
219,903,142,2024-12-11 02:54:41,270.12
389,356,38,2024-10-01 21:52:29,189.7
456,923,465,2025-03-02 22:42:24,421.05
585,358,23,2024-10-30 23:13:52,251.59
728,740,105,2025-03-20 15:39:09,148.51
993,20,269,2024-05-01 16:35:06,418.48
1555,942,21,2024-07-06 18:33:37,312.58
254,361,327,2024-10-06 00:22:56,356.74
304,989,362,2024-08-12 21:52:25,60.25
441,927,370,2024-04-27 04:55:44,483.83
581,284,61,2024-04-14 05:44:28,373.94
785,625,483,2025-01-10 21:46:30,47.37
836,517,472,2025-01-28 23:32:20,132.02
970,981,433,2024-07-28 14:48:26,72.61
1063,668,246,2025-01-28 23:22:18,105.44
1087,327,214,2024-10-01 21:10:57,286.42
1323,701,123,2025-02-22 23:28:11,335.03
1502,152,392,2025-01-18 08:00:08,499.16
1534,654,355,2024-09-10 22:49:46,272.92
1776,633,428,2024-12-02 16:37:45,191.65
0,485,188,2024-06-20 09:41:11,207.71
184,716,457,2024-06-17 03:18:37,127.54
341,965,140,2025-03-11 00:53:09,379.47
392,806,75,2024-06-26 07:01:26,72.85
508,787,481,2024-07-20 11:01:45,387.78
1420,612,172,2024-09-23 18:15:11,88.71
1663,601,128,2024-12-04 15:07:44,325.67
1686,928,406,2024-09-14 11:30:44,143.53
1702,795,244,2025-01-29 07:16:20,306.21
1807,863,467,2025-03-22 15:15:56,120.64
1886,285,455,2024-08-22 17:14:52,276.12
1967,68,141,2024-08-13 00:53:27,363.06
14,530,38,2024-07-29 18:22:01,422.43
375,875,75,2024-12-19 23:43:59,253.11
589,473,13,2024-08-25 05:01:25,402.57
782,281,475,2024-06-17 05:17:18,141.49
832,163,401,2024-05-02 19:01:12,405.99
1062,592,272,2025-02-26 14:20:52,175.45
1080,161,158,2025-03-09 06:55:27,315.96
1318,119,251,2024-06-29 01:25:07,185.81
1369,745,468,2024-04-17 00:11:38,242.61
1531,442,418,2024-11-06 05:25:48,420.47
1738,89,33,2024-10-01 15:41:14,181.86
1813,43,20,2024-10-24 21:48:47,88.04
1977,707,224,2025-03-04 11:54:28,230.71
35,939,492,2024-04-19 11:43:44,469.45
88,7,79,2025-02-01 02:00:17,134.07
412,188,10,2024-07-28 09:11:18,395.56
504,459,289,2024-08-01 19:00:18,219.61
514,57,158,2024-12-29 19:52:25,457.16
578,435,459,2025-01-12 05:55:00,403.32
902,984,489,2024-07-06 11:30:13,438.65
950,2,41,2024-05-08 00:28:38,119.27
952,220,208,2024-10-10 16:17:05,297.45
1085,21,201,2025-02-04 02:12:46,142.87
1315,674,257,2024-08-16 00:59:34,351.48
1452,837,351,2024-10-11 21:17:04,422.9
1485,343,488,2024-09-16 17:35:31,249.4
1533,635,472,2024-07-08 13:05:43,210.86
1896,205,261,2024-12-23 01:02:41,207.14
86,2,405,2024-06-18 10:03:52,254.06
101,948,489,2024-10-12 20:34:48,164.34
115,644,92,2024-08-16 20:51:18,263.11
556,310,144,2025-03-13 11:47:21,44.38
587,671,456,2024-05-03 06:08:04,245.03
850,883,81,2024-11-26 16:25:40,190.86
1082,418,315,2024-08-19 19:13:12,291.4
1284,976,322,2024-09-17 13:36:18,100.28
1549,612,289,2025-02-10 12:26:27,449.55
1635,133,10,2025-01-20 14:22:30,478.48
1739,379,471,2025-01-31 20:25:33,180.44
63,231,327,2024-07-14 14:27:29,214.38
153,214,418,2024-11-07 14:48:07,212.07
186,342,9,2024-10-16 18:31:44,126.26
406,876,306,2024-12-28 16:36:19,370.78
669,318,146,2024-04-08 18:18:07,190.49
707,185,134,2024-06-06 10:39:58,397.01
773,304,74,2025-03-05 02:46:00,405.1
1016,763,62,2024-10-07 16:31:46,31.35
1524,363,423,2025-03-08 11:05:19,372.08
1665,446,332,2024-09-25 10:01:59,455.33
65,171,240,2024-11-02 12:57:29,365.38
129,190,485,2024-12-15 13:51:30,409.74
196,786,288,2025-03-17 14:55:43,424.31
790,339,205,2024-10-18 00:41:26,341.6
1038,809,40,2024-05-09 05:30:30,184.75
1336,783,401,2024-06-15 22:18:54,388.34
1753,1,403,2024-08-08 20:33:49,466.27
1756,907,420,2024-07-02 03:15:46,192.59
1898,34,421,2024-11-17 10:49:29,447.49
18,62,137,2025-02-28 14:34:11,95.95
295,320,228,2024-04-05 10:20:48,485.96
338,809,482,2025-01-14 17:40:46,430.54
370,171,111,2024-09-17 04:31:41,59.46
423,650,186,2025-02-04 14:07:40,210.34
779,889,206,2024-08-12 20:32:17,168.07
1010,958,388,2024-11-07 23:09:56,365.88
1137,175,180,2024-10-24 03:12:12,361.31
1276,715,153,2024-05-30 01:42:25,335.42
1308,484,367,2025-01-01 12:01:21,419.1
1436,716,185,2024-06-02 14:24:20,57.09
1518,769,105,2024-06-06 07:44:09,295.47
1691,920,297,2024-10-22 16:44:08,309.78
1789,498,100,2024-06-12 14:15:29,135.48
1814,527,250,2024-07-02 12:37:21,94.26
285,641,173,2025-01-13 16:38:37,104.62
386,490,243,2024-11-15 22:08:59,316.83
684,140,133,2024-12-09 12:30:26,346.09
1229,667,443,2024-06-05 06:21:31,424.63
1416,414,385,2024-11-06 19:16:49,463.3
1513,813,471,2025-02-24 14:00:52,150.15
1955,541,130,2024-10-21 13:53:39,427.93
146,888,354,2024-08-05 08:07:43,480.11
320,850,116,2025-01-24 21:12:14,378.32
401,654,267,2024-06-27 19:41:06,95.76
440,313,39,2024-08-21 03:51:48,312.12
449,716,211,2024-05-17 20:17:41,104.1
602,412,170,2025-02-16 05:33:04,375.41
640,557,41,2024-06-30 22:44:10,142.32
645,910,143,2024-10-18 08:51:33,135.26
689,140,70,2024-10-31 17:52:52,302.8
1147,306,472,2024-06-10 21:49:37,173.19
1410,323,26,2024-08-31 02:32:55,178.74
1516,277,224,2025-03-07 07:34:00,161.32
1841,201,368,2024-04-01 18:17:11,427.83
1887,31,12,2024-11-07 23:56:11,230.91
157,237,28,2024-08-04 15:48:00,275.78
513,784,244,2024-07-31 04:24:06,170.84
554,34,87,2024-12-03 19:14:11,341.19
904,707,377,2024-09-16 19:32:16,166.87
1295,124,216,2024-08-07 09:52:33,156.71
1547,400,181,2024-08-27 10:05:41,282.32
1829,736,368,2024-07-03 07:03:35,72.87
161,688,436,2024-10-12 03:11:31,183.84
231,790,210,2024-09-10 20:16:56,212.38
588,440,366,2025-02-21 21:40:36,460.76
783,619,324,2024-10-04 21:51:37,402.93
1044,682,459,2024-12-24 22:30:22,89.15
1199,455,321,2024-12-07 11:21:08,41.33
1209,389,351,2024-05-07 14:54:32,434.16
1458,553,427,2024-11-01 00:09:43,356.95
1710,948,129,2024-06-04 03:58:10,186.25
51,336,40,2025-01-31 16:43:24,66.63
275,355,445,2025-03-16 10:49:20,88.39
286,189,62,2024-11-05 03:48:27,31.35
369,813,390,2024-03-27 08:47:11,118.3
745,407,441,2024-07-13 20:03:04,227.0
974,757,426,2025-02-09 17:04:53,61.76
1274,329,55,2025-03-16 03:48:29,146.59
1721,900,361,2025-02-21 03:24:22,494.43
54,302,59,2025-01-30 18:03:13,106.68
154,794,133,2024-06-08 22:27:21,349.72
468,889,420,2024-04-12 17:40:46,380.11
550,749,12,2024-06-30 08:59:14,402.02
891,520,332,2024-06-08 20:08:54,19.51
1014,260,336,2024-07-29 03:30:12,340.63
1040,778,26,2025-02-22 19:39:46,274.66
1078,798,77,2024-05-11 18:32:16,116.02
1110,568,100,2024-07-17 17:26:57,363.78
1578,41,366,2024-06-15 01:40:45,368.02
1974,374,97,2024-05-18 16:35:50,113.93
276,862,145,2024-05-30 12:07:43,182.67
672,771,410,2024-12-04 21:32:01,353.72
1196,704,480,2024-09-12 08:45:17,264.06
1302,80,453,2024-07-14 16:33:23,85.17
1453,241,241,2024-07-23 06:22:37,72.29
1498,781,377,2025-01-16 14:19:15,168.14
1680,148,423,2024-05-26 02:31:25,129.38
1760,842,63,2024-11-25 09:24:11,355.8
1794,600,461,2024-08-17 08:33:06,400.17
364,87,159,2024-05-29 03:17:07,155.48
400,469,150,2024-09-19 23:15:34,93.76
714,136,51,2024-09-05 02:04:28,347.13
804,220,146,2025-03-07 15:44:17,461.85
867,801,143,2024-06-27 09:28:40,167.76
1124,117,340,2024-12-10 22:51:09,287.76
1384,446,312,2024-09-10 03:53:06,409.33
1430,92,76,2025-03-22 23:28:34,466.3
1445,261,93,2024-12-08 10:41:41,396.81
1468,943,50,2024-09-11 21:33:42,341.21
1469,510,59,2024-10-12 19:46:07,179.26
1879,794,316,2024-05-17 07:21:28,230.43
360,765,236,2024-05-07 10:33:00,69.69
733,449,370,2024-12-15 02:29:53,478.15
887,674,493,2024-09-05 11:12:37,307.72
1116,962,149,2024-10-12 23:51:42,43.24
1277,352,126,2025-03-17 11:12:03,213.2
1923,840,188,2024-10-16 03:45:17,87.29
56,914,154,2024-07-18 04:56:56,150.05
255,175,499,2025-03-05 07:10:07,470.9
600,103,443,2025-03-11 22:56:03,83.15
849,524,158,2024-12-01 10:07:36,442.03
1165,301,403,2024-11-26 13:14:24,140.13
1480,384,495,2024-12-15 01:50:54,332.95
1603,739,471,2024-04-17 20:49:58,336.54
1894,756,242,2025-01-28 09:22:54,381.51
331,923,345,2025-03-04 19:51:52,489.85
384,496,373,2024-04-30 04:52:10,33.46
413,895,314,2024-10-25 02:59:36,140.61
565,526,105,2024-06-09 01:11:48,78.64
753,914,499,2025-02-17 22:18:43,16.02
767,926,434,2024-05-18 00:37:54,387.04
795,202,495,2024-07-07 23:49:30,208.54
842,847,452,2024-06-01 22:55:22,209.18
863,443,199,2024-09-04 03:03:25,194.22
865,836,491,2024-08-05 13:02:51,466.62
987,898,338,2024-08-15 01:12:52,339.65
1190,511,444,2024-12-21 13:14:34,499.81
1561,928,68,2024-07-03 09:50:38,259.83
1744,328,387,2024-07-31 22:42:00,329.29
262,0,342,2024-10-03 22:46:35,441.31
489,928,309,2024-08-22 08:19:22,122.81
756,903,270,2025-03-23 03:10:14,39.22
772,920,93,2024-05-21 16:30:17,489.3
819,751,292,2024-07-24 22:39:04,348.04
1227,123,442,2025-02-23 20:33:49,288.45
1548,766,433,2024-05-31 12:43:18,70.47
1734,318,306,2024-10-13 20:28:47,433.21
1769,473,216,2025-03-04 06:06:48,361.42
1853,18,128,2024-06-27 20:28:14,177.91
26,45,22,2024-12-07 07:43:03,329.1
199,894,139,2025-01-04 13:09:01,398.34
455,876,108,2025-02-22 00:44:36,287.79
495,239,3,2025-03-20 19:07:32,197.41
498,189,9,2024-10-01 19:46:21,72.03
925,807,279,2024-10-12 18:27:35,381.98
1060,305,262,2024-11-07 04:11:38,295.44
1614,686,60,2024-08-30 18:48:01,444.79
1900,930,489,2024-08-05 08:21:34,370.92
385,265,358,2024-11-25 08:28:00,92.85
446,479,126,2024-06-14 20:40:13,167.19
502,524,193,2024-04-19 13:31:05,346.84
651,214,432,2024-04-25 14:18:48,244.86
853,6,145,2025-01-06 11:11:54,160.29
1005,955,381,2024-06-24 17:08:18,165.49
1530,244,366,2025-02-27 20:26:02,459.7
1675,621,241,2024-06-30 06:24:11,201.81
1819,689,450,2024-09-16 14:31:54,98.93
1983,566,26,2024-09-20 21:38:34,469.66
12,522,253,2024-09-18 19:52:50,407.85
216,469,300,2024-10-27 00:19:50,232.49
528,292,114,2024-04-23 18:07:56,153.42
1056,934,181,2024-08-01 17:14:54,64.73
1170,396,354,2024-12-15 14:34:42,492.89
1349,626,26,2024-04-12 23:55:21,187.06
1521,971,91,2025-01-25 23:25:27,153.93
1589,888,300,2024-03-28 05:05:26,320.76
1653,881,489,2024-08-11 10:26:15,384.66
1849,835,242,2025-01-24 22:08:09,68.47
1928,120,17,2024-05-06 15:09:56,364.62
533,855,64,2024-11-05 08:25:52,335.15
1294,460,274,2024-08-03 14:26:16,23.16
1493,125,165,2024-03-27 01:41:09,301.97
1716,209,419,2024-08-18 00:52:57,166.5
1820,908,94,2024-04-15 00:39:16,268.99
39,511,282,2025-03-19 19:09:42,215.03
42,483,169,2024-10-16 17:48:56,314.11
61,969,356,2024-09-01 06:02:28,398.15
83,173,453,2024-04-18 05:49:46,306.27
371,844,52,2025-03-23 04:53:30,73.73
674,187,40,2024-08-24 11:02:41,49.12
1036,570,273,2024-11-16 19:17:41,424.37
1194,836,450,2025-02-09 14:23:02,179.74
1394,335,226,2024-10-27 14:51:47,42.71
1462,183,57,2024-11-11 21:02:39,316.76
1634,159,229,2024-06-17 01:35:00,492.71
1861,36,155,2024-11-01 01:31:27,239.84
135,758,109,2024-09-07 15:46:23,219.3
332,779,156,2024-08-08 08:35:24,94.74
478,563,53,2024-06-12 21:32:59,421.67
768,427,89,2024-08-09 23:55:57,145.27
770,630,279,2025-03-11 02:58:17,447.06
1333,303,232,2024-11-19 19:51:03,334.77
1583,478,99,2024-06-17 13:51:17,484.3
1858,840,124,2024-04-24 23:24:48,241.05
3,160,436,2025-01-08 23:53:21,184.91
305,66,496,2024-12-21 13:31:08,231.51
527,699,6,2024-09-17 15:50:05,400.89
788,288,256,2024-08-03 09:35:21,407.1
997,159,38,2024-08-20 02:15:33,123.1
1045,342,239,2024-05-01 22:34:16,498.86
1126,82,381,2024-06-10 13:57:10,328.94
1232,863,232,2024-08-11 01:45:21,81.06
1850,351,319,2024-10-15 12:29:20,211.46
1973,715,409,2025-01-24 07:19:42,419.8
177,798,325,2024-05-29 06:28:02,179.02
516,215,473,2024-06-03 07:44:57,134.72
597,169,325,2024-08-13 22:01:47,106.61
630,127,188,2024-07-19 02:21:55,109.02
668,206,76,2025-02-13 11:48:28,242.26
734,502,160,2025-01-06 09:45:27,20.77
1122,951,139,2024-05-01 10:01:46,74.97
1175,280,175,2025-01-03 17:25:26,209.32
1309,117,487,2024-07-30 23:27:13,32.84
1422,858,126,2024-11-15 10:20:25,207.28
1682,752,421,2024-10-21 20:44:18,209.14
50,894,68,2025-02-26 17:55:27,79.8
517,173,294,2024-07-27 13:00:20,383.17
665,121,263,2024-10-22 12:09:11,23.16
738,325,121,2024-11-19 03:11:40,269.43
907,483,385,2024-06-05 02:59:34,487.78
977,6,150,2024-07-17 23:27:20,286.58
1152,382,281,2024-10-22 08:24:56,37.25
1218,199,347,2024-11-13 16:21:37,328.96
1278,651,54,2024-06-28 21:45:25,120.02
1413,269,64,2025-01-15 14:02:43,465.0
1615,906,342,2024-07-25 07:57:21,246.55
1740,880,414,2024-12-20 14:22:39,225.22
1950,639,76,2024-11-21 01:53:01,232.32
110,817,365,2024-10-02 14:44:38,449.89
329,843,103,2024-07-26 22:49:44,228.63
580,30,376,2024-10-28 10:07:25,44.63
919,32,74,2024-07-12 02:12:38,213.29
946,824,110,2025-02-07 16:31:59,465.83
1205,56,225,2024-05-16 06:19:34,365.39
1311,430,100,2024-09-21 19:28:15,23.41
1366,338,160,2024-05-07 13:08:25,468.92
1932,215,340,2025-01-04 11:20:41,399.85
22,433,149,2024-10-13 21:08:28,202.39
229,765,89,2024-06-06 07:51:40,346.84
1387,146,87,2024-07-29 11:19:08,101.23
1645,415,48,2025-02-20 11:09:42,468.53
2,864,4,2025-02-09 05:45:45,60.56
34,398,47,2025-02-07 08:17:59,17.39
232,843,350,2024-08-29 15:00:48,242.96
691,813,51,2024-12-01 01:32:58,29.49
1071,153,152,2024-07-01 14:25:07,46.14
1106,454,158,2024-12-27 11:27:00,66.95
1320,783,440,2024-11-17 18:19:42,461.22
1407,151,217,2024-04-19 18:31:49,229.04
1859,7,328,2024-05-01 05:28:34,118.09
1929,628,261,2024-06-05 01:43:35,279.65
1933,351,497,2024-09-08 15:07:30,29.43
1993,830,97,2024-08-02 07:59:19,218.1
393,216,315,2025-03-13 02:18:52,25.42
417,431,37,2025-01-02 02:51:58,247.08
553,101,486,2024-09-18 20:18:49,115.07
558,865,4,2024-10-13 15:58:09,265.87
1094,348,131,2024-08-04 23:12:29,26.73
1446,316,98,2024-07-26 18:07:26,90.1
1655,34,407,2024-11-19 07:08:42,106.12
1765,662,176,2025-01-17 13:37:10,442.17
1833,871,439,2024-07-05 15:35:10,47.18
1965,201,435,2024-11-19 05:36:24,157.98
873,139,299,2024-11-29 10:01:25,33.33
1068,759,56,2024-09-20 06:52:00,50.7
1257,261,10,2024-11-19 08:40:27,421.57
1299,835,37,2024-04-07 17:29:13,306.85
1359,149,247,2025-01-20 08:10:28,321.13
1423,400,300,2024-11-17 20:52:27,405.64
1509,718,218,2024-10-06 02:44:05,80.71
1582,810,419,2024-12-22 11:31:58,60.93
1600,761,171,2025-02-09 21:08:16,120.63
1694,24,206,2024-12-04 00:57:01,372.54
1856,48,265,2024-11-22 05:00:17,212.27
300,664,119,2025-03-06 17:20:48,181.79
434,49,206,2024-06-06 07:33:47,473.8
481,136,474,2024-08-15 22:26:04,152.03
625,289,391,2024-09-30 10:24:00,299.74
741,306,212,2025-02-09 06:32:16,464.56
764,379,12,2024-10-21 09:04:04,25.69
1077,303,28,2025-02-05 12:39:40,289.77
1644,508,5,2024-10-20 00:12:50,29.87
1697,464,24,2025-02-08 19:53:55,13.21
30,397,382,2025-02-23 00:10:20,80.49
174,945,472,2024-07-12 12:58:48,472.86
238,383,340,2024-04-18 08:30:00,155.53
293,260,39,2024-06-26 22:53:59,443.51
308,898,352,2025-03-08 08:38:32,46.94
317,284,288,2024-06-10 06:36:21,224.17
473,204,384,2025-02-22 20:22:58,344.0
688,196,262,2024-06-25 18:22:46,93.88
876,658,176,2024-10-13 06:43:35,228.72
1130,18,394,2024-10-12 18:40:24,380.01
1212,67,425,2024-06-03 03:24:02,255.92
1376,667,205,2024-06-02 06:36:06,458.84
1918,882,257,2024-06-21 22:20:31,158.56
37,597,183,2024-05-16 17:18:46,74.63
442,166,245,2025-03-03 11:48:29,383.14
521,424,176,2025-02-12 23:33:52,337.23
975,997,305,2024-07-30 09:51:36,496.13
1047,377,149,2024-08-04 19:03:03,152.42
1325,614,437,2024-04-13 00:53:33,425.48
1479,565,406,2024-10-17 05:21:33,437.32
1482,238,80,2024-08-01 17:35:26,170.69
1986,684,19,2025-02-21 21:14:07,420.1
639,205,133,2024-12-20 14:09:40,266.56
870,473,309,2024-10-28 20:18:31,305.72
1613,505,222,2024-10-27 19:57:54,219.84
1617,571,269,2025-03-12 12:00:43,481.94
1848,998,221,2025-01-05 11:04:15,40.3
1946,537,20,2024-10-08 22:19:56,387.51
149,490,211,2024-05-31 06:56:52,471.75
155,399,446,2024-12-03 04:20:50,447.35
650,9,28,2024-07-10 15:46:13,80.12
964,765,129,2024-08-30 03:40:21,485.33
1225,940,457,2024-08-22 11:22:10,38.09
1344,40,184,2024-11-27 17:43:57,14.99
1417,325,285,2024-09-12 18:00:29,286.43
1465,404,403,2025-02-04 13:13:00,120.29
1501,832,409,2025-03-18 06:23:20,436.28
1504,863,424,2024-10-15 11:28:53,292.01
1512,744,162,2025-02-20 07:15:23,484.39
1708,520,151,2024-12-23 16:01:48,448.12
1772,970,498,2024-06-13 05:49:02,40.36
1952,591,17,2025-02-06 02:14:12,462.06
13,693,273,2024-06-02 19:38:30,330.88
347,547,474,2025-02-01 01:26:13,443.17
419,303,253,2024-04-02 06:40:58,442.23
661,548,354,2024-05-14 18:39:29,454.24
1021,767,388,2024-10-08 11:18:08,441.04
1027,840,135,2024-07-21 13:30:03,195.48
1736,973,211,2025-02-07 00:22:50,477.86
1883,413,282,2025-02-11 01:55:19,406.69
91,331,328,2024-07-15 17:19:03,106.27
113,158,222,2024-10-30 12:52:52,199.45
882,582,212,2024-10-11 10:39:49,384.2
905,715,29,2024-03-31 19:22:59,484.43
1139,520,152,2024-04-21 07:50:17,27.1
1186,566,270,2024-04-06 15:11:34,382.32
1230,724,13,2025-01-29 13:59:33,292.36
1305,530,118,2024-08-22 15:26:21,364.34
1567,236,448,2024-12-08 03:38:21,37.2
1637,799,247,2025-03-05 22:16:03,382.48
244,575,115,2024-05-08 08:17:30,194.99
992,138,466,2024-08-14 13:18:56,443.67
1272,18,45,2024-11-17 00:14:45,283.28
1390,299,362,2024-07-24 00:31:01,202.97
1609,443,419,2024-08-08 01:14:47,115.32
1798,139,348,2024-04-06 04:20:15,233.73
1885,93,433,2025-01-24 03:21:44,162.55
85,956,136,2025-03-15 19:34:09,215.0
326,235,170,2024-10-07 18:54:10,299.06
496,96,451,2024-07-04 16:21:43,13.15
900,786,411,2024-11-24 23:38:24,255.91
949,430,404,2025-01-06 13:22:08,108.71
1292,255,173,2024-05-06 12:42:33,162.04
1654,674,142,2024-11-28 00:27:53,369.2
1658,931,184,2024-06-17 12:46:43,83.53
1700,492,253,2025-01-26 02:31:36,442.47
1786,760,236,2025-01-24 23:50:29,474.13
624,196,118,2025-02-15 12:25:09,290.44
706,306,208,2024-09-23 10:20:29,488.15
893,173,200,2024-11-11 16:16:35,320.64
1096,777,184,2025-03-18 13:50:27,272.51
1211,151,7,2024-11-25 00:41:57,260.02
1618,246,387,2024-08-06 07:59:50,444.84
1761,696,390,2024-05-13 03:39:13,16.36
15,648,284,2024-08-20 06:09:22,396.34
69,311,358,2024-07-17 01:32:48,349.72
119,625,148,2024-06-02 16:38:16,219.15
296,372,36,2024-03-31 06:08:14,314.72
415,759,184,2024-05-03 20:57:07,398.69
593,649,323,2024-10-04 06:42:04,253.52
771,390,393,2024-05-17 21:39:56,317.58
972,286,211,2024-11-05 08:35:59,27.67
1342,479,271,2024-08-02 01:17:06,231.69
1656,392,194,2024-04-08 01:56:35,343.23
1988,870,451,2024-11-28 15:16:38,478.67
937,161,402,2024-10-29 20:20:34,115.05
941,722,446,2024-07-05 16:07:20,318.81
1133,536,365,2024-08-14 06:32:21,19.1
1374,439,120,2024-11-08 00:37:59,187.64
1803,155,14,2024-09-21 14:19:32,378.06
1835,830,251,2024-11-10 00:00:59,468.67
1844,139,456,2024-12-08 09:30:14,41.27
482,608,247,2024-08-22 18:06:18,406.77
869,144,477,2024-07-22 23:34:57,371.41
874,94,194,2025-03-24 01:43:03,56.25
1054,189,156,2024-11-23 07:32:45,465.56
1282,43,312,2024-05-24 21:47:11,239.98
1307,550,181,2024-07-05 23:09:25,30.73
1329,640,366,2024-12-08 03:22:01,51.25
1873,58,406,2024-05-02 02:00:34,196.22
1944,699,494,2024-10-25 04:45:09,414.57
1957,281,224,2024-12-18 03:47:40,447.7
450,550,433,2024-10-30 15:12:00,327.95
679,499,322,2024-06-14 17:26:56,197.55
727,699,229,2024-07-30 18:43:43,398.36
815,2,3,2025-03-11 17:44:51,42.2
1145,569,235,2024-08-07 23:15:06,178.19
1219,835,311,2024-08-25 11:45:20,284.0
1328,260,94,2024-04-01 12:02:42,482.97
1527,641,101,2025-02-09 21:55:37,78.16
1532,797,116,2024-10-01 02:37:25,386.34
1884,715,412,2024-05-16 23:07:29,390.3
151,798,26,2024-10-31 06:46:22,403.61
221,888,470,2024-06-26 09:24:14,21.02
240,243,185,2024-08-17 11:44:41,472.36
396,10,326,2024-06-12 21:40:35,139.28
479,884,335,2024-11-01 03:47:06,81.46
1034,322,258,2025-01-14 03:30:15,19.33
1290,430,426,2024-07-16 02:25:02,111.56
1383,198,333,2024-06-16 06:49:22,17.92
1556,647,334,2024-06-08 11:41:00,372.9
1910,375,358,2024-05-28 01:49:31,219.97
1938,710,129,2024-09-14 00:46:01,307.87
395,915,408,2024-08-02 13:37:21,288.96
430,125,378,2024-04-28 05:13:49,369.69
486,533,95,2024-09-28 09:28:43,231.45
529,424,236,2024-09-25 23:55:38,40.37
633,18,137,2024-04-12 05:36:26,97.1
775,244,413,2024-09-17 13:37:34,308.63
843,868,429,2024-07-13 21:02:37,435.76
1076,207,476,2025-02-05 12:02:11,485.57
1573,44,161,2024-08-04 21:21:28,195.6
1657,319,408,2024-09-01 17:08:46,95.22
1890,889,473,2025-02-28 19:29:30,398.75
1893,87,184,2024-12-26 08:39:25,365.11
261,95,67,2025-02-22 09:02:04,238.19
290,789,166,2024-04-25 16:08:07,162.83
318,69,6,2025-01-10 09:16:28,10.4
358,882,174,2024-06-10 11:19:23,189.49
497,238,45,2024-10-28 23:09:27,28.3
966,864,266,2025-01-27 23:01:28,297.93
1297,598,309,2024-09-13 16:03:52,375.08
1483,131,226,2024-12-12 17:48:13,15.34
1787,76,26,2024-04-11 09:18:29,355.8
270,265,164,2025-02-21 00:13:29,200.17
298,486,326,2024-09-24 06:17:31,161.81
432,785,224,2025-02-12 04:24:18,28.51
474,333,160,2024-09-08 09:57:41,456.47
634,985,447,2024-08-22 15:11:20,107.97
824,701,9,2024-11-02 02:55:23,132.84
875,840,169,2024-03-29 10:06:03,228.86
1118,765,67,2025-01-23 12:20:06,334.32
1138,721,275,2024-09-16 00:50:20,16.09
1191,249,37,2024-06-11 14:42:06,330.46
1461,438,17,2024-10-23 04:01:20,475.18
1636,445,372,2024-04-03 20:49:17,221.75
1752,622,48,2024-06-05 00:59:05,169.14
95,319,212,2025-01-07 19:57:51,409.23
461,125,50,2024-03-28 07:23:41,46.72
675,716,331,2024-07-20 22:01:23,371.11
930,354,143,2025-01-10 15:14:57,434.9
956,450,82,2024-10-01 08:27:27,260.78
1854,316,70,2024-07-16 02:01:52,342.22
1872,362,419,2024-06-25 11:09:23,31.27
104,222,64,2025-01-26 12:13:58,95.36
470,399,389,2024-12-13 17:17:44,424.24
769,594,327,2025-01-01 09:48:50,148.73
808,451,22,2024-04-17 15:12:23,468.03
936,34,198,2024-04-09 21:00:37,426.04
1064,153,112,2024-12-21 03:01:50,438.96
1128,482,210,2024-07-30 15:01:32,131.0
1149,888,397,2024-12-05 20:15:35,230.87
1338,489,95,2024-04-07 23:10:16,431.17
106,91,366,2024-09-18 18:39:12,14.88
197,198,183,2024-09-01 21:44:33,98.77
315,562,234,2024-11-02 10:29:06,160.18
367,62,187,2024-12-07 10:45:14,104.26
618,716,108,2024-11-02 02:08:53,488.7
833,324,263,2024-05-13 11:00:16,40.8
883,244,267,2025-02-18 16:25:54,110.71
1222,606,281,2025-03-01 21:40:01,12.79
1522,375,85,2024-07-24 18:49:15,320.29
1709,85,388,2025-01-10 16:09:07,189.87
1800,22,95,2024-11-14 15:43:48,136.38
1823,670,479,2024-12-27 03:43:03,473.48
436,646,319,2024-12-27 21:04:10,452.61
488,444,368,2024-08-10 07:22:15,187.15
908,361,167,2024-10-07 19:21:32,331.12
927,306,498,2025-01-24 03:15:54,141.23
1065,491,345,2024-06-21 20:34:21,65.64
1242,80,417,2024-06-23 23:23:11,25.51
1412,395,254,2024-12-21 02:45:50,173.55
1543,519,67,2024-12-23 10:06:18,308.88
1679,763,115,2025-01-01 05:04:29,435.06
1703,40,286,2025-03-24 13:50:48,115.88
1877,922,363,2024-11-29 20:01:15,198.53
1979,239,360,2025-03-10 18:54:14,248.81
4,310,439,2025-03-10 18:44:12,492.07
127,47,333,2024-09-22 04:13:55,61.0
140,98,305,2024-07-25 01:25:48,368.44
366,812,4,2025-02-15 01:18:37,207.95
663,821,124,2024-04-14 02:35:12,103.34
892,708,333,2024-11-25 13:17:20,157.98
1176,85,261,2024-07-30 00:16:52,383.18
1324,677,2,2024-09-17 20:19:23,473.97
1334,56,224,2024-06-27 23:24:50,310.37
1396,874,353,2024-11-30 14:10:26,142.98
1846,781,167,2024-04-12 01:53:20,457.41
1989,845,481,2025-03-17 14:54:54,431.69
